,users_name,num_followers,num_tracks,users_link
0,a,"14,991 followers",0,https://soundcloud.com/aleana
1,Hoodadk4,"18,835 followers",0,https://soundcloud.com/hoodadk4
2,O Astro üßëüèΩ‚ÄçüöÄ 4-4-2,"10,257 followers",0,https://soundcloud.com/o-astro-931333458
3,Dani Ripoll,"8,384 followers",0,https://soundcloud.com/daniripollmusic
4,4Traxx500Music,"33,698 followers",0,https://soundcloud.com/4traxx500musix
5,DJ KHALID- A,"29,957 followers",0,https://soundcloud.com/khalid-raad-113777010
6,Dj PixelStorm,"6,385 followers",0,https://soundcloud.com/dj-pixelstorm
7,kets4eki,"27,341 followers",0,https://soundcloud.com/kets4eki
8,Subtronics,"194,603 followers",0,https://soundcloud.com/subtronics
9,Erfan,"73,253 followers",0,https://soundcloud.com/erfanpaydar
10,Four Tet,"1,100,352 followers",0,https://soundcloud.com/four-tet
11,c4pri (4),"3,896 followers",0,https://soundcloud.com/gremlife
12,Life Song,"148,192 followers",0,https://soundcloud.com/funkexploderecords
13,Mandidextrous,"50,558 followers",0,https://soundcloud.com/mandidextroustnt
14,A State Of Trance,"318,210 followers",0,https://soundcloud.com/astateoftrance
15,ŸÖŸáÿ±ÿ¨ÿßŸÜÿßÿ™ ÿßŸÑÿ¨ÿØŸäÿØÿ© 2024 / 2025 ÿßÿ≠ŸÖÿØ ÿ®ÿ®ÿ¨Ÿà,"2,335 followers",0,https://soundcloud.com/a7md-ki4a
16,¬ßnoah kwed¬ß,"12,735 followers",0,https://soundcloud.com/user-168986187
17,Tray C,"22,794 followers",0,https://soundcloud.com/djtrayc
18,"√â-≈Ç_√ê-√∏""√∞-üòàü¶Çüî•","6,945 followers",0,https://soundcloud.com/9zggfeciem4j
19,A.M.C,"47,005 followers",0,https://soundcloud.com/a-m-c
20,MAZZA,"10,460 followers",0,https://soundcloud.com/mazzawagwan
21,Connoisseur,"2,415 followers",0,https://soundcloud.com/ludvig-friberg-66536747
22,Music is 4 Lovers,"75,009 followers",0,https://soundcloud.com/musicis4lovers
23,COLOKTOTO,"2,671 followers",0,https://soundcloud.com/coloktoto-vip
24,Lil Pete,"47,696 followers",0,https://soundcloud.com/lilpete-4
25,jay 4,"2,121 followers",0,https://soundcloud.com/jay-4-236800432
26,Nicholas Kyasima,"3,580 followers",0,https://soundcloud.com/nicholaskyasima
27,Raresh [a:rpia:r],"1,279 followers",0,https://soundcloud.com/rareshofficial
28,valetical,"3,529 followers",0,https://soundcloud.com/v_letical
29,VL4D,"1,211 followers",0,https://soundcloud.com/jvlad4395
30,FRosTydaSnowMann,"102,241 followers",0,https://soundcloud.com/frostydasnowmann
31,CK9C / Jorge Aguilar II,"28,799 followers",0,https://soundcloud.com/ck9c
32,Slowboy,"12,121 followers",0,https://soundcloud.com/slowboyyy
33,AM4RI,"1,498 followers",0,https://soundcloud.com/am4ri
34,YXNG K.A,"23,381 followers",0,https://soundcloud.com/yxngka
35,A.K,"13,387 followers",0,https://soundcloud.com/a-kay-1
36,V A I K O N,"1,279 followers",0,https://soundcloud.com/moayad-own
37,‚Ä¶‚Ä¶ùë∫ ùë®ùíÆ ùë®üîù_$,"1,227 followers",0,https://soundcloud.com/ujrqqxeffqvk
38,HERACON,"2,630 followers",0,https://soundcloud.com/heraconmusic
39,H A R R Y,"2,484 followers",0,https://soundcloud.com/harryyyyy
40,RAUW,"1,380 followers",0,https://soundcloud.com/raulflr
41,AFN PESO,"39,147 followers",0,https://soundcloud.com/afnpeso
42,markwithak,"31,488 followers",0,https://soundcloud.com/markwithak
43,ùóïùü∞ùó¶ùó¶ùóßùóòùóò,"2,105 followers",0,https://soundcloud.com/b4sstee
44,DJ WASS,"11,858 followers",0,https://soundcloud.com/djwassja
45,–Øu-a,"3,185 followers",0,https://soundcloud.com/ru-a-85356529
46,DinoA1,"1,516 followers",0,https://soundcloud.com/dinoa1
47,Lil Z√©,"6,281 followers",0,https://soundcloud.com/lilzemusico
48,goonie,"29,074 followers",0,https://soundcloud.com/gooniexxx
49,Roddy Lima,"16,960 followers",0,https://soundcloud.com/roddylima
50,JustaTee,"72,157 followers",0,https://soundcloud.com/justatee
51,Bordello A Parigi,"22,299 followers",0,https://soundcloud.com/bordelloaparigi
52,Franchise,"28,169 followers",0,https://soundcloud.com/fraanchiisee
53,PsyNonimA,"32,667 followers",0,https://soundcloud.com/psynonima
54,S4D,742 followers,0,https://soundcloud.com/o-shine
55,ùññùñôùñì,"8,939 followers",0,https://soundcloud.com/qtnation
56,Payso 4R,"31,844 followers",0,https://soundcloud.com/bighavi
57,A R T S,"37,464 followers",0,https://soundcloud.com/artsltd
58,Ha7mdelkady,"1,896 followers",0,https://soundcloud.com/h-a7mdelkady
59,Cee4,"2,747 followers",0,https://soundcloud.com/cee4ukg
60,TIENTRISUU4,298 followers,0,https://soundcloud.com/tientrisuu4
61,D4 D4NCE,"5,773 followers",0,https://soundcloud.com/d4d4nce
62,A7medElgazal üñ§,"10,478 followers",0,https://soundcloud.com/ahmed-magdy-378416567
63,N.D_D√ò.MT4 ‚òÖTropa'Do_MT4_‚ô§,"1,349 followers",0,https://soundcloud.com/nando-duarte-704169606
64,R3TR0W4V3,"7,343 followers",0,https://soundcloud.com/retrowave-80
65,021_Richard,"25,163 followers",0,https://soundcloud.com/richard-siosi-853628252
66,Nguyen Viet Long,"1,303 followers",0,https://soundcloud.com/viet-lonq
67,Fk Distribution Play,"1,800 followers",0,https://soundcloud.com/fkdistributionplay
68,ADIEL,"13,575 followers",0,https://soundcloud.com/a-diel
69,@STEEZTHEPRODUCER,"16,425 followers",0,https://soundcloud.com/steeztheproducer
70,T4T LUV NRG,"7,776 followers",0,https://soundcloud.com/t4tluvnrg
71,F4T4L3RR0R,878 followers,0,https://soundcloud.com/f4t4l3rr0rmusic
72,brisTRUESTORY42,"15,804 followers",0,https://soundcloud.com/r7smzu4uj5q4
73,A V I O 7,"2,756 followers",0,https://soundcloud.com/avio7
74,Ig: @Djalsilva22,"1,151 followers",0,https://soundcloud.com/alex-sandro-440485089
75,A-Reece,"54,737 followers",0,https://soundcloud.com/user-256318544
76,DJ HILLY @OFFICIALDJHILLY,"6,626 followers",0,https://soundcloud.com/user-408575489
77,M E L V S S A,"2,262 followers",0,https://soundcloud.com/user-793543988-785076913
78,Dee Play4Keeps,"2,500 followers",0,https://soundcloud.com/dee-play4keeps
79,NBA Youngcaleb 4KT,"3,161 followers",0,https://soundcloud.com/nbayoungcaleb4kt
80,K A R L O,"4,118 followers",0,https://soundcloud.com/karlomusic_mx
81,BossfamladyA,"2,389 followers",0,https://soundcloud.com/bossfamladya
82,lambo4oe,"11,316 followers",0,https://soundcloud.com/lambo4oe
83,@DEEJAYJSG,"21,649 followers",0,https://soundcloud.com/deejayjsg12
84,üîåDancehall 1 Plug üîå,"11,384 followers",0,https://soundcloud.com/dancehall1plug
85,Cause4Concern,"32,458 followers",0,https://soundcloud.com/cause4concern-recordings
86,KOTO.,"7,603 followers",0,https://soundcloud.com/koto18
87,K.A.D,"4,198 followers",0,https://soundcloud.com/teamkad
88,ONI INC.,"14,095 followers",0,https://soundcloud.com/oniinc
89,From Space,"22,434 followers",0,https://soundcloud.com/fromsp4cemusic
90,ùó∞ ùóπ ùó∂ ùóΩ ùóΩ . ùóÆ ùóø ùòÅ,"12,220 followers",0,https://soundcloud.com/clipp_art
91,FALCONS,"100,143 followers",0,https://soundcloud.com/falcons
92,DeejayRubio,"16,010 followers",0,https://soundcloud.com/deejayrubio
93,DJ Mohamed Fisha,"9,320 followers",0,https://soundcloud.com/mohamed-a-fisha
94,RAP / TRAP NACIONAL,"21,421 followers",0,https://soundcloud.com/user-143959529
95,Exclusive Trending Music,"212,187 followers",0,https://soundcloud.com/mazzikafree
96,PHONKMASTA,"7,201 followers",0,https://soundcloud.com/ahlomar74
97,‚óæA‚óæI‚óæT‚óæO‚óæ,890 followers,0,https://soundcloud.com/angry-itch-7
98,Mama I'm A Criminal,"8,751 followers",0,https://soundcloud.com/bigvala23
99,A K U,"5,937 followers",0,https://soundcloud.com/akuvig
100,P4n,"4,641 followers",0,https://soundcloud.com/th-nh-nguy-n-835400939
101,L‚ÄôTIPO,754 followers,0,https://soundcloud.com/r3gy4r
102,Totally Overdosing,"3,245 followers",0,https://soundcloud.com/zemich
103,Just.MA,"8,406 followers",0,https://soundcloud.com/justma16
104,REAL MUSIC 4 EVER,"3,108 followers",0,https://soundcloud.com/realmusic4ever
105,cl4pers,"15,732 followers",0,https://soundcloud.com/cl4pers
106,A.way,"9,245 followers",0,https://soundcloud.com/a_way
107,P.E.A.R.L.,"15,734 followers",0,https://soundcloud.com/p-e-a-r-l
108,DJ BOC√ÉO DE MACA√â A LENDA DO BEAT SERIE GOLD  üíÉ ‚ô™,"24,816 followers",0,https://soundcloud.com/dj-boc-o-de-macae
109,One Of A Kind,"6,550 followers",0,https://soundcloud.com/oneofakindmuzik
110,DFG (official),"7,558 followers",0,https://soundcloud.com/dfg_hardcore_producer
111,üéâÿßÿ®Ÿà ÿ≥ŸÑŸäŸÖ ü´∞,"12,681 followers",0,https://soundcloud.com/mostafa-a-seleman
112,NQWER„É£,424 followers,0,https://soundcloud.com/seme4ko-seme4ko
113,Top Of The Week,"15,213 followers",0,https://soundcloud.com/topweek
114,AZRAEL,"5,131 followers",0,https://soundcloud.com/a-j-329940975
115,HIDEKI NAGANUMA,"19,842 followers",0,https://soundcloud.com/hideki-naganuma
116,Fxrtem,"9,920 followers",0,https://soundcloud.com/fxrtem
117,HAA,423 followers,0,https://soundcloud.com/user-872510371
118,muru B4,750 followers,0,https://soundcloud.com/muru-b4
119,LilC4,"29,223 followers",0,https://soundcloud.com/itslilc4
120,A Fam√≠lia,"2,932 followers",0,https://soundcloud.com/afamilia-music
121,4lung,"7,274 followers",0,https://soundcloud.com/rawrdcore
122,SLOT GACOR CALON4D,"1,323 followers",0,https://soundcloud.com/rindiani-rindi-498341267
123,Have A Nice Life,"5,758 followers",0,https://soundcloud.com/haveanicelifeofficial
124,A&A Digital Records,"4,995 followers",0,https://soundcloud.com/aadigitalrecords
125,DJ FAEL DA B.A | @djfaeldab.a,"1,786 followers",0,https://soundcloud.com/user-384072466
126,200_doow4a15y10em20u_√ø9n,"1,464 followers",0,https://soundcloud.com/dasha228play
127,tmrs4cast,481 followers,0,https://soundcloud.com/tmrs4casting
128,I$A,"3,404 followers",0,https://soundcloud.com/isa-n4w
129,Kitty Gore,"2,349 followers",0,https://soundcloud.com/kittygoremuzik
130,‚ô£‚ùåT√ò4‚Ç≠‚Ç≥üòèüî•,"7,129 followers",0,https://soundcloud.com/user-349728166
131,Qu·ªëc Minh (Nick2),"2,176 followers",0,https://soundcloud.com/quocminh
132,Justpie,"2,266 followers",0,https://soundcloud.com/17noventertainment
133,S.A.S.H,"8,672 followers",0,https://soundcloud.com/s-a-s-h-sundays
134,NOT 4 HUMAN CONSUMPTION,"4,644 followers",0,https://soundcloud.com/not4humanconsumption
135,Tr·∫ßn Qu·ªëc Vi·ªát ‚ú™ (4),491 followers,0,https://soundcloud.com/djvietanh4
136,DJ ISR4EL BEATS,"3,721 followers",0,https://soundcloud.com/dejayisr4elbeats888
137,A3,"1,826 followers",0,https://soundcloud.com/areej-a-al
138,Ohlee-A Records,"6,515 followers",0,https://soundcloud.com/ohlee_a
139,A Mansour ÿ£ÿ≠ŸÖÿØ ŸÖŸÜÿµŸàÿ±,"2,371 followers",0,https://soundcloud.com/amansouraja
140,Tal2a Music - ÿ∑ŸÑŸÇÿ© ŸÖŸäŸàÿ≤ŸÉ,"47,455 followers",0,https://soundcloud.com/tal2amusic
141,√Ç7‚ôè–Ñ√ê,"6,260 followers",0,https://soundcloud.com/ahmed-elgarhy-11
142,FS a.k.a. Slap Yourself,782 followers,0,https://soundcloud.com/slapyourselfie
143,Lx $ilent:.,"1,191 followers",0,https://soundcloud.com/user-366929442
144,SUBSIST,"1,273 followers",0,https://soundcloud.com/one_guy
145,rachyl,"5,619 followers",0,https://soundcloud.com/stuckinboxxes
146,753,"12,382 followers",0,https://soundcloud.com/753codemusic
147,SARM?,"1,463 followers",0,https://soundcloud.com/sarrm
148,A.Paul,"35,854 followers",0,https://soundcloud.com/a-paul
149,SUEL DE GUARUS {PERFIL 2}‚úîÔ∏è,"7,232 followers",0,https://soundcloud.com/suel-guarus
150,Hamada Shaqfa,"3,966 followers",0,https://soundcloud.com/hamada-shaqfa
151,4Vlone,"3,262 followers",0,https://soundcloud.com/4vdrilla
152,A Strange Wedding,"4,648 followers",0,https://soundcloud.com/a_strange_wedding
153,MANO JULIN #A2MPRODUTORA,"4,468 followers",0,https://soundcloud.com/manojulin
154,H A ‚òÖ,"5,484 followers",0,https://soundcloud.com/hadoosha-2004
155,RK4L,"26,199 followers",0,https://soundcloud.com/rich-kidz
156,KURT ADAM,"8,418 followers",0,https://soundcloud.com/kurtadam
157,Axel,"2,383 followers",0,https://soundcloud.com/axelonfire201220
158,Expedite Records,"5,060 followers",0,https://soundcloud.com/expedite-records
159,His girl (üñ§offline don't txt me)(Read Bio!!!)ü•π,330 followers,0,https://soundcloud.com/i_have_a_crush
160,A Wayward Mind,672 followers,0,https://soundcloud.com/awaywardmind
161,A.L.A,"7,497 followers",0,https://soundcloud.com/alaofficielle
162,ùôàùôß.ùô¢ùôñùô©ùôñùôôùô§ùôßùôØùôØ‚ú™ [ end 4 ],"3,530 followers",0,https://soundcloud.com/ridwan-ridwan-506988784
163,A Tee,"7,313 followers",0,https://soundcloud.com/kee-to-201248796
164,S.I.A.T Stuck in a Tree,"3,192 followers",0,https://soundcloud.com/stuck_ina_tree
165,Yamantaka,504 followers,0,https://soundcloud.com/yamantaka777
166,WORLD BUILDING,"5,699 followers",0,https://soundcloud.com/worldbuilding
167,Afrikano,"7,746 followers",0,https://soundcloud.com/afrikan0
168,MIND G4ME,480 followers,0,https://soundcloud.com/mindg4me
169,Hanzla Dhillon,"2,702 followers",0,https://soundcloud.com/hanzladhillon12-gmail-com-hanzladhillon12-gmail-com
170,Jae‚Äôs Attempt,146 followers,0,https://soundcloud.com/jaes-attempt
171,ciaffa ‚òÖ,643 followers,0,https://soundcloud.com/ciaffah
172,rose larry,13 followers,0,https://soundcloud.com/zlatan-bofa
173,a bit of a mad one,"1,194 followers",0,https://soundcloud.com/a-bit-of-a-mad-one
174,c l a s s y,"3,704 followers",0,https://soundcloud.com/classymsc
175,Matek A.S.M.,"6,070 followers",0,https://soundcloud.com/matekasm
176,voicecalliburT-40üó°Ô∏è (@40ruxa),"1,359 followers",0,https://soundcloud.com/v00icesinthedr44g
177,Ho√†ng √Å H·ª±,391 followers,0,https://soundcloud.com/user-77446434
178,aZ√∏,653 followers,0,https://soundcloud.com/azofyee
179,999.…Øùñóùñëùêù ‚ô™,654 followers,0,https://soundcloud.com/999wrld4
180,fb,603 followers,0,https://soundcloud.com/e4-menorziin
181,DJ GT DO S.A,"3,876 followers",0,https://soundcloud.com/gustavo-henrique-615348410
182,@Fla.leanderson,"1,927 followers",0,https://soundcloud.com/leanderson-santos-686468848
183,an4rch,513 followers,0,https://soundcloud.com/runrunrun4urlife
184,4Gang,"2,595 followers",0,https://soundcloud.com/4gaang
185,INDRA (Official),"51,178 followers",0,https://soundcloud.com/indra-official
186,i l i .,"1,061 followers",0,https://soundcloud.com/user-487273274
187,BOOMSTICK-FM,"8,330 followers",0,https://soundcloud.com/user-168004627-461325475
188,galen tipton,"6,308 followers",0,https://soundcloud.com/galentipton
189,NICE FUCKING GOOD,149 followers,0,https://soundcloud.com/alerz
190,Toadstool ‡•ê,"13,026 followers",0,https://soundcloud.com/lucasnassar
191,$oul! (@Ih3artsoul),"1,246 followers",0,https://soundcloud.com/ih3artsoul
192,A-TANK,"1,503 followers",0,https://soundcloud.com/djtekbass
193,A S H A D ü§ô,857 followers,0,https://soundcloud.com/jay-roponei-957265628
194,they are gutting a body of water,"2,536 followers",0,https://soundcloud.com/tagabow
195,A.M/Abdel-Fadil,"1,648 followers",0,https://soundcloud.com/ahmed-mohmed-422882899
196,aTiNeFonG253,"3,838 followers",0,https://soundcloud.com/pjayphillip
197,@ MANO CL ‚ú†,183 followers,0,https://soundcloud.com/cl-fxprt-perfil-3
198,par3a,350 followers,0,https://soundcloud.com/pars-2-481225760
199,Sticky M.A.,"5,099 followers",0,https://soundcloud.com/stickyma
200,F A ŸÑ A ⁄© - Z A D A üëë,"3,618 followers",0,https://soundcloud.com/falak-khan-kakar
201,RENAN M. @RENANDAVASCO,"1,865 followers",0,https://soundcloud.com/renandavasco
202,R K A,686 followers,0,https://soundcloud.com/reem8-alyammahi
203,a pure man,104 followers,0,https://soundcloud.com/a-pure-man
204,Y4Z,264 followers,0,https://soundcloud.com/y4zgng
205,K I R A,13 followers,0,https://soundcloud.com/k-i-r-a-138919207
206,DJ ZH DO S.A ‚Ä¢ PERFIL 2,"1,576 followers",0,https://soundcloud.com/dj-zh-do-s-a-perfil-2
207,10.4,164 followers,0,https://soundcloud.com/10point-4genesis
208,Tevvez4.0,836 followers,0,https://soundcloud.com/tevvez4-0
209,DJ BLAT,369 followers,0,https://soundcloud.com/1djblat
210,2Fast4Gravity,443 followers,0,https://soundcloud.com/2fast4gravity
211,4ourYou,"14,843 followers",0,https://soundcloud.com/4our-you
212,RR4L,"5,067 followers",0,https://soundcloud.com/reallyrich4l
213,1mprxz4,56 followers,0,https://soundcloud.com/1mprxz4
214,DJ A.D.S. (FIXATION),"1,386 followers",0,https://soundcloud.com/aiden-smith-32
215,King Maximus The 4th,"2,064 followers",0,https://soundcloud.com/king-maximus-the-lv
216,ùô∞ üêöü••,263 followers,0,https://soundcloud.com/user-540938396
217,David. k. A. Spencer.,"2,417 followers",0,https://soundcloud.com/david-spencer-543878720
218,S.A Music (Commissions Closed),"4,354 followers",0,https://soundcloud.com/safrmusic
219,‚ÖÖj Fy OFFlClA,"1,023 followers",0,https://soundcloud.com/user-941098264
220,ROMANT3KKER [S‚Ä¢A‚Ä¢R],474 followers,0,https://soundcloud.com/romant3kker
221,@DaGoodFellaBoss,149 followers,0,https://soundcloud.com/demetris-collins-738521451
222,@IamDannyBlaze,"2,699 followers",0,https://soundcloud.com/iamdannyblaze
223,C.H.A.Y.,"15,397 followers",0,https://soundcloud.com/chay
224,Marek frytkA,140 followers,0,https://soundcloud.com/marek-frydrychowicz-816178922
225,ÿßÿ∫ÿßŸÜŸâ - a8any,"5,470 followers",0,https://soundcloud.com/aghanimixat
226,.: ùò§ ùò≥ ùò¢ ùò∫ ùò∑ ùòπ ùòØ,"1,765 followers",0,https://soundcloud.com/crayvxn
227,Just a girl ‚Äè,"6,375 followers",0,https://soundcloud.com/user-359112594
228,ZeKKie [ùîÑ.ùîç.‚Ñú/HDC/SOD],"2,978 followers",0,https://soundcloud.com/user-996264754
229,Huy Monaco 4,"2,075 followers",0,https://soundcloud.com/qu-c-huy-ph-m-322843856
230,RapBR,"10,068 followers",0,https://soundcloud.com/rapbr
231,NATASHA WAX & SONY VIBE,"3,209 followers",0,https://soundcloud.com/natashawax
232,[ DANU PRAYOGA ACCOUNT ACTIVE 1 ],"4,910 followers",0,https://soundcloud.com/mhddanuprayoga
233,Dycl√∏se,821 followers,0,https://soundcloud.com/dycl0se
234,DoleyKTGz,317 followers,0,https://soundcloud.com/ktg90_fl
235,anabellaaogüçì,367 followers,0,https://soundcloud.com/anabella-fernandez-935113708
236,tallyhall,"4,832 followers",0,https://soundcloud.com/tallyhall
237,üëª    ùñß4ùñ©ùñ® ùñ¨ùñ¥ùñ≤ùñ†    üëª,"2,502 followers",0,https://soundcloud.com/m-j-b-h-481835296
238,Ibiza Tunes,"9,086 followers",0,https://soundcloud.com/ibiza-tunes
239,‚ñ´Ô∏è‚ñ™Ô∏èA'lilü§§Stucc‚ñ´Ô∏è‚ñ™Ô∏è,591 followers,0,https://soundcloud.com/lil_stucc
240,karri,"6,658 followers",0,https://soundcloud.com/4karri
241,CALON4D TERPERCAYA,"1,576 followers",0,https://soundcloud.com/giga-kami
242,A BODY WITHOUT,87 followers,0,https://soundcloud.com/abodywithout
243,V A R O.,829 followers,0,https://soundcloud.com/varo63793
244,4randxm,425 followers,0,https://soundcloud.com/mpho-vincent-995180349
245,MC KN DO VALE | @ mcKndoVale_,268 followers,0,https://soundcloud.com/kennedy-augusto-804070016
246,M.I.T.A.,"2,870 followers",0,https://soundcloud.com/mita
247,LIL VEIN,562 followers,0,https://soundcloud.com/lilveinnn
248,DJ Jamzy,"8,699 followers",0,https://soundcloud.com/djjamzy
249,(((‚ô´ ‚òÖ DJ DANIEL‚ô´ ‚òÖ ))),"5,468 followers",0,https://soundcloud.com/dj-daniel-rodrigues-2
250,Mandela Hits üî•,"33,795 followers",0,https://soundcloud.com/mandelahits
251,DJ BITA,"10,204 followers",0,https://soundcloud.com/djbita163
252,–ºŒ±–Ω‚àÇŒπ,"2,943 followers",0,https://soundcloud.com/mahdi-khobestani
253,DJC INDONESIA V4,"1,341 followers",0,https://soundcloud.com/djc-indonesia-v4
254,Augusta-4,681 followers,0,https://soundcloud.com/augusta-4-music
255,Ch4cky,"1,578 followers",0,https://soundcloud.com/ch4cky-music
256,4KO-DMaN,196 followers,0,https://soundcloud.com/4ko-dman
257,Jay4,243 followers,0,https://soundcloud.com/jay4-music
258,janu4ryss,307 followers,0,https://soundcloud.com/janu4ryss
259,Yeahh4cee,140 followers,0,https://soundcloud.com/yeahh4cee
260,4Y Kay,"1,774 followers",0,https://soundcloud.com/4ykay-music
261,Tr3 M4ndo,462 followers,0,https://soundcloud.com/tr3m4ndo
262,a:ritmi:a,"3,090 followers",0,https://soundcloud.com/a-ritmi-a-music
263,N4l Swervo,632 followers,0,https://soundcloud.com/n4lswervo
264,Mohammed Ali Abou Omar 4,"1,739 followers",0,https://soundcloud.com/mohammed-ali-abou-omar-4
265,Hol4en,"1,713 followers",0,https://soundcloud.com/hol4en
266,DF4L,640 followers,0,https://soundcloud.com/df4l-music
267,4prada,545 followers,0,https://soundcloud.com/4prada
268,Section!,446 followers,0,https://soundcloud.com/4k_section
269,A i d a - A r k o,"4,164 followers",0,https://soundcloud.com/aida-arko
270,t.A.T.u.,"7,882 followers",0,https://soundcloud.com/tatu-official
271,ZonedOutFlo [ IG: @1zonedout],"2,446 followers",0,https://soundcloud.com/geekizlife
272,j»öƒß«étproduction4 -A≈ÜB,82 followers,0,https://soundcloud.com/tredfrm-42
273,GenOTekk | ùîÑ.ùîç.‚Ñú,"2,937 followers",0,https://soundcloud.com/genotekk
274,salman4real üëë,366 followers,0,https://soundcloud.com/user-478464237
275,ciara2fine4u‚ù£(offline)‚ù§,215 followers,0,https://soundcloud.com/ciara-corona-388936115
276,YUKR4 PRIETO,221 followers,0,https://soundcloud.com/user-102333126
277,SZ4 .,"1,055 followers",0,https://soundcloud.com/shatha-alghamdi-230576753
278,A Dot,884 followers,0,https://soundcloud.com/adot12142
279,‚ùïùóõ ùóî ùóùùóú ùó† ùó® ùó¶ùóî‚ùï,"1,583 followers",0,https://soundcloud.com/pcneblsnt4wg
280,Patron B.A.,"8,230 followers",0,https://soundcloud.com/patron-b-a
281,Buss4nani,"1,046 followers",0,https://soundcloud.com/user-980614483
282,L.A Kapo,929 followers,0,https://soundcloud.com/lakapo-scmusic
283,a grey dream,256 followers,0,https://soundcloud.com/agreydream
284,N A T A N,363 followers,0,https://soundcloud.com/senzo-plays
285,A.L.I.A.S,596 followers,0,https://soundcloud.com/alias33515
286,ùó† ùóú ùóö ùó° ùóú ùó¢ ùó° [ùóôùüØùóî],"10,094 followers",0,https://soundcloud.com/mig-nion
287,Fendi,304 followers,0,https://soundcloud.com/fendi_jay
288,@DJJOELTJAMKAM,"6,338 followers",0,https://soundcloud.com/djjoeltjamkam
289,herzeloyde,"45,621 followers",0,https://soundcloud.com/herzeloyde
290,XOLITXO arch,"5,680 followers",0,https://soundcloud.com/slodm
291,jaae,363 followers,0,https://soundcloud.com/remijaae
292,Exclusive Heat V4,189 followers,0,https://soundcloud.com/exclusive-heat-v4
293,DelcioDollar4ever,"10,737 followers",0,https://soundcloud.com/delciodollar4ever
294,Fake A.I.,607 followers,0,https://soundcloud.com/user-499092269
295,A_J_G_Füëπü©∏,"2,007 followers",0,https://soundcloud.com/alex-gomez-67054703
296,h4zz4lifts,408 followers,0,https://soundcloud.com/harry-craske
297,DJ 4TUNE (IGNITO),"3,868 followers",0,https://soundcloud.com/fortune1990
298,a.k.g üì∫‚ú®,424 followers,0,https://soundcloud.com/vegerot
299,That Boy A.B.,"3,065 followers",0,https://soundcloud.com/iamthatboyab
300,Tek-A-Tek aka SiNuS,"3,707 followers",0,https://soundcloud.com/tek_sinus
301,B,216 followers,0,https://soundcloud.com/b31549
302,b,186 followers,0,https://soundcloud.com/fugitivesmusic
303,b,"28,465 followers",0,https://soundcloud.com/benjaminy
304,Tape B,"72,028 followers",0,https://soundcloud.com/tape-b-official
305,DnB Allstars,"131,615 followers",0,https://soundcloud.com/dnballstars
306,Notorious B.I.G.,"249,433 followers",0,https://soundcloud.com/notoriousbig
307,Cardi B,"871,976 followers",0,https://soundcloud.com/iamcardib
308,BTS,"4,566,312 followers",0,https://soundcloud.com/bangtan
309,ALT B,"15,639 followers",0,https://soundcloud.com/altbevereti
310,Lil Baby,"1,727,537 followers",0,https://soundcloud.com/lil-baby-4pf
311,B L A C K K R A Y,"134,854 followers",0,https://soundcloud.com/blackkray
312,PnB Rock,"712,707 followers",0,https://soundcloud.com/pnbrock
313,Marky B,"39,145 followers",0,https://soundcloud.com/marky_b_music
314,rxbbits,"3,085 followers",0,https://soundcloud.com/rxbbits
315,5560mar,"3,065 followers",0,https://soundcloud.com/5560mar
316,LilBTheBasedGod,"58,975 followers",0,https://soundcloud.com/lilblovesthebasedgod
317,Houda Bondok - ÿ≠ŸàÿØŸá ÿ®ŸÜÿØŸÇ,"196,170 followers",0,https://soundcloud.com/hodabondok-music
318,deejaypatb,"40,547 followers",0,https://soundcloud.com/deejaypatb
319,DJ L BEATS,"55,086 followers",0,https://soundcloud.com/dj-lbeats
320,R·¥Ä·¥ò B·¥á·¥Ä·¥õs‚ïëT Ä·¥Ä·¥ò I…¥s·¥õ Ä·¥ú·¥ç·¥á…¥·¥õ·¥Ä ü T è·¥ò·¥á B·¥á·¥Ä·¥õ D Ä…™ ü ü M·¥ús…™·¥Ñ,"85,165 followers",0,https://soundcloud.com/davidsanyabeats
321,YNW BSlime,"141,955 followers",0,https://soundcloud.com/ynw-b-slime
322,B Lovee,"48,133 followers",0,https://soundcloud.com/b-lovee
323,Baby B,"9,119 followers",0,https://soundcloud.com/lbabyb
324,Luke Slater,"60,911 followers",0,https://soundcloud.com/luke-slater
325,JuongB,"41,720 followers",0,https://soundcloud.com/juongbofficial
326,Dougie B,"23,473 followers",0,https://soundcloud.com/dougieb-music
327,MD B‚ô°B,"2,398 followers",0,https://soundcloud.com/user-161586108
328,SUNSET MUSIC REPOST,"2,098 followers",0,https://soundcloud.com/ashagchandler
329,HYPEUP REPOST,"2,105 followers",0,https://soundcloud.com/isaiahmaseaward
330,officialb2s,"81,242 followers",0,https://soundcloud.com/officialb2s
331,STUDIO,"69,665 followers",0,https://soundcloud.com/wearestudio
332,dtdnb,"33,763 followers",0,https://soundcloud.com/datatransmissiondnb
333,O.B.I.,"37,371 followers",0,https://soundcloud.com/obihardtechno
334,Barry B Fresh,"29,135 followers",0,https://soundcloud.com/dj-barrybfresh
335,B-Wizz,"7,650 followers",0,https://soundcloud.com/b-wizz-277564513
336,Lil Bean,"15,395 followers",0,https://soundcloud.com/lilbeno3
337,ùóïùü∞ùó¶ùó¶ùóßùóòùóò,"2,105 followers",0,https://soundcloud.com/b4sstee
338,4B,"139,252 followers",0,https://soundcloud.com/dj4b
339,Tripple B,60 followers,0,https://soundcloud.com/tripple-b-197001131
340,Ruth B.,"31,281 followers",0,https://soundcloud.com/ruthbofficial
341,DJ NATZ B,"12,805 followers",0,https://soundcloud.com/djnatzb
342,Diatonik,"3,979 followers",0,https://soundcloud.com/diatonik-ind
343,Star Brights,"8,084 followers",0,https://soundcloud.com/starbrightsofficial
344,LOBSTA B,"18,223 followers",0,https://soundcloud.com/lobsta-b
345,Max B,"9,932 followers",0,https://soundcloud.com/maxbofficial
346,DJ Guizim : @Djguizim,"3,930 followers",0,https://soundcloud.com/djguizimofc
347,996Lit,"1,268 followers",0,https://soundcloud.com/996lit
348,Noghtte,92 followers,0,https://soundcloud.com/noghtte
349,BoCCu BXX,"12,614 followers",0,https://soundcloud.com/boccu-bxx
350,Ran B,"2,854 followers",0,https://soundcloud.com/ranbproducer
351,runawayB,"1,072 followers",0,https://soundcloud.com/runawayb
352,M A R I O   B E C K M A N,"13,770 followers",0,https://soundcloud.com/mariobeckmandj
353,Factor B,"24,634 followers",0,https://soundcloud.com/factorbmusic
354,HavinMotion,"2,098 followers",0,https://soundcloud.com/draco-922022068
355,B Money,"4,990 followers",0,https://soundcloud.com/byron-williams897
356,B·õùSSFIGHT,"33,904 followers",0,https://soundcloud.com/bossfightswe
357,HAIVAI B,"25,737 followers",0,https://soundcloud.com/haivai-b
358,MICHAELX,919 followers,0,https://soundcloud.com/mikebw92d
359,LBMCR,702 followers,0,https://soundcloud.com/lbfrmd15
360,W E H B B Œõ,"84,313 followers",0,https://soundcloud.com/wehbba
361,Bruno Be,"79,041 followers",0,https://soundcloud.com/brunobe
362,Dope B,"25,994 followers",0,https://soundcloud.com/dopebonfleek
363,V I B E S,"42,056 followers",0,https://soundcloud.com/solangeknowles
364,Tay B,126 followers,0,https://soundcloud.com/tay-bafin
365,Plan B,"28,247 followers",0,https://soundcloud.com/planbofficial
366,B.Ring ‚ú™ (3),"2,071 followers",0,https://soundcloud.com/b-nh-v-n-242546436
367,Franky-B,"10,440 followers",0,https://soundcloud.com/franky_b_trax
368,Jamie B DJ/Producer (official),"18,794 followers",0,https://soundcloud.com/jamiebdj
369,ÿßŸÑÿ®Ÿàÿ® ÿ®ÿ±ŸàÿØŸÉÿ¥ŸÜ Elbob Production,"48,288 followers",0,https://soundcloud.com/user-662116493
370,BazzyB,"5,081 followers",0,https://soundcloud.com/bazzy-b-774771574
371,Are B Schanke,646 followers,0,https://soundcloud.com/are-b-schanke
372,ŸæÿßÿØ⁄©ÿ≥ÿ™ ŸÅÿßÿ±ÿ≥€å ⁄ÜŸÜŸÑ‚Äåÿ®€å,"41,583 followers",0,https://soundcloud.com/channelbpodcast
373,La√≠y√≠lah,574 followers,0,https://soundcloud.com/layilah-b
374,Patricio B.M,780 followers,0,https://soundcloud.com/patricio-b-m
375,lucas b,7 followers,0,https://soundcloud.com/lucas-b-885855420
376,Format:B,"110,016 followers",0,https://soundcloud.com/format-b-2
377,R&B and RIBS,"6,423 followers",0,https://soundcloud.com/rnbandribs
378,B.L.U.S.H.,"2,750 followers",0,https://soundcloud.com/iamblush
379,Do LaB,"47,374 followers",0,https://soundcloud.com/thedolab
380,FEEL'ING. B,"3,937 followers",0,https://soundcloud.com/philippeblondiaux
381,DJ FIUZA,"14,793 followers",0,https://soundcloud.com/dj_fiuza
382,Nally,"7,285 followers",0,https://soundcloud.com/nally90
383,huskii,"34,967 followers",0,https://soundcloud.com/huskii201
384,[The Endless Knot],"6,481 followers",0,https://soundcloud.com/the_endless_knot
385,Thanh Long | LongB Producer ‚ú™,"4,426 followers",0,https://soundcloud.com/thanhlong205
386,B.Y Finesse,"2,501 followers",0,https://soundcloud.com/byfinesse-music
387,Dj BoB,"12,672 followers",0,https://soundcloud.com/ehab-ahmed-210021066
388,B.B. KING,"11,343 followers",0,https://soundcloud.com/bb-king-official
389,ENTRY TISA(D.N.B),"6,358 followers",0,https://soundcloud.com/entry-tisa
390,UN!V–Å–ØSE:AX–ÆM .La\B/eL.,"7,397 followers",0,https://soundcloud.com/universe-axiom-label
391,B. Austin,"10,372 followers",0,https://soundcloud.com/realb_austin
392,B.A.S.E,"10,948 followers",0,https://soundcloud.com/3791
393,Afro B,"30,166 followers",0,https://soundcloud.com/deejay-afro-b
394,R&B Throwbacks,"14,071 followers",0,https://soundcloud.com/user-704515444
395,Argon Antlers,"2,465 followers",0,https://soundcloud.com/argonantlers
396,Kh√∫c Ng·ªçc Nam B·∫Øc,"1,702 followers",0,https://soundcloud.com/7268888868techcombank
397,bel!v(t.me/bel1vvv),881 followers,0,https://soundcloud.com/bel1v
398,Raw-Tone Studios. MicDonDee,563 followers,0,https://soundcloud.com/michele-daltoe-1
399,CHASE B,"48,931 followers",0,https://soundcloud.com/ogchaseb
400,DjB,"1,163 followers",0,https://soundcloud.com/user-126132010
401,9arkB0ysüñ§,"1,506 followers",0,https://soundcloud.com/rose9-av9
402,JoeB,"10,103 followers",0,https://soundcloud.com/joeb_uk
403,jomle group,602 followers,0,https://soundcloud.com/user-454181056
404,gb,"1,252 followers",0,https://soundcloud.com/filho-do-rique-ff
405,Philippe B.,983 followers,0,https://soundcloud.com/philippe32
406,‚ñë‚ñí‚ñì‚ñà Œ±…ì‚àÇŒ±‚Ñì…¶Œ±“°Œ±…± ‚ñà‚ñì‚ñí‚ñë,"8,155 followers",0,https://soundcloud.com/0506547464
407,O.B.F SOUND SYSTEM ///  OBF SOUND SYSTEM,"24,932 followers",0,https://soundcloud.com/obfsoundsystem
408,B Young,"9,365 followers",0,https://soundcloud.com/byoung-music
409,B Praak,"12,994 followers",0,https://soundcloud.com/bpraak
410,B T,"52,281 followers",0,https://soundcloud.com/bt
411,The Knocks,"93,856 followers",0,https://soundcloud.com/theknocks
412,Katy B,"123,161 followers",0,https://soundcloud.com/katyb
413,Charles B,"18,587 followers",0,https://soundcloud.com/djcharlesb
414,N B L A,"9,282 followers",0,https://soundcloud.com/nblaaaa
415,Eric B. & Rakim,"6,415 followers",0,https://soundcloud.com/eric-b-and-rakim
416,B.AM.F,24 followers,0,https://soundcloud.com/b-am-f
417,B-Front,"24,100 followers",0,https://soundcloud.com/djbfront
418,Plan B,"52,517 followers",0,https://soundcloud.com/time4planb
419,K I R B Y,"12,403 followers",0,https://soundcloud.com/singkirbysing
420,Anthony B,"7,421 followers",0,https://soundcloud.com/anthony-b-official
421,Rameses B,"129,351 followers",0,https://soundcloud.com/ramesesb
422,Fitzy & Rossy B,"10,480 followers",0,https://soundcloud.com/fitzyrossyb
423,Jon B.,"1,793 followers",0,https://soundcloud.com/jon-b-official
424,Ishan (SL),"2,523 followers",0,https://soundcloud.com/ishan_sl
425,muru B4,750 followers,0,https://soundcloud.com/muru-b4
426,ismasalcedo B,554 followers,0,https://soundcloud.com/ismael-salcedo-b
427,B-Community Music,"4,558 followers",0,https://soundcloud.com/music-comm-b
428,B4A Quay,"4,045 followers",0,https://soundcloud.com/b4aquay
429,DJ B-Generation,"10,446 followers",0,https://soundcloud.com/djbgeneration1
430,DJ NeoN,"55,151 followers",0,https://soundcloud.com/xdjneonx
431,2.N.O,"3,092 followers",0,https://soundcloud.com/fucktoprecords
432,H2B,"3,132 followers",0,https://soundcloud.com/h2b_vnh
433,DUARTEZN B2B JHOAN GONZALEZ,78 followers,0,https://soundcloud.com/duartezn-b2b-jhoan
434,b1ooms,461 followers,0,https://soundcloud.com/b1ooms
435,Kev B (official),"1,308 followers",0,https://soundcloud.com/kevin-bryers
436,B.E. RELATIONS PUBLISHING,"1,554 followers",0,https://soundcloud.com/berelationspublishing
437,Rels B,"9,213 followers",0,https://soundcloud.com/relsb
438,B Brezzy,"1,125 followers",0,https://soundcloud.com/bbrezzy-sc
439,B.R,856 followers,0,https://soundcloud.com/braa-z-oby
440,bahno simmons AKA B-,630 followers,0,https://soundcloud.com/suny-simmons
441,Jerome B Kameleon,"1,192 followers",0,https://soundcloud.com/jeromeb_kameleon
442,1 B 1 ZEKO EL MOFTARY PLUS 18 üéß,"5,737 followers",0,https://soundcloud.com/wryb-sghgs
443,JackyB,"1,542 followers",0,https://soundcloud.com/jackyb-music
444,Buku,"93,981 followers",0,https://soundcloud.com/buku
445,Trak B,"7,142 followers",0,https://soundcloud.com/trakb
446,Black.B.,"1,426 followers",0,https://soundcloud.com/blackb-music
447,Acha Sila Diya - B Praak - Jaani,"17,085 followers",0,https://soundcloud.com/hassan-ali-62385340
448,ùêä ùêÅ ùüë ‚ùï ‚ú™,833 followers,0,https://soundcloud.com/4vq
449,DOE B,"12,136 followers",0,https://soundcloud.com/doe-b
450,Jakka-B,"10,844 followers",0,https://soundcloud.com/jakka-b
451,T.T.B.,"53,155 followers",0,https://soundcloud.com/dirt-life-records
452,MC ROGER - B R U X O,"14,654 followers",0,https://soundcloud.com/mcrogeroficial
453,BAIANOS,"4,697 followers",0,https://soundcloud.com/baianos-b2b
454,B.Ring ‚ú™ (I‚Äôm B.Ring),"2,510 followers",0,https://soundcloud.com/user-779647642
455,Stevie B,"2,978 followers",0,https://soundcloud.com/steviebofficial
456,joit,686 followers,0,https://soundcloud.com/joit-de
457,DJ Mts da Serra,"9,471 followers",0,https://soundcloud.com/djmtsdaserra
458,B-band | ÿ®€å‚Äå ÿ®ŸÜÿØ,"14,055 followers",0,https://soundcloud.com/b-band
459,B-Rizz√ò [3CMBEnt],"3,310 followers",0,https://soundcloud.com/b_rizzo
460,Jazzy B,"3,350 followers",0,https://soundcloud.com/jazzyb-music
461,"RhythmStorm ""HFC/eRReDeKa"" aka The YoungVeteran","11,862 followers",0,https://soundcloud.com/rhythmstormatkum
462,ÎçîÎ≥¥Ïù¥Ï¶à,"4,105 followers",0,https://soundcloud.com/young-forever-913610
463,B Goodie,"9,773 followers",0,https://soundcloud.com/bgoodie973
464,BNINE B9,"1,979 followers",0,https://soundcloud.com/user-494880911
465,Tay B,"6,755 followers",0,https://soundcloud.com/taybesco
466,ASH B,"7,546 followers",0,https://soundcloud.com/queenashb
467,DJ FAEL DA B.A | @djfaeldab.a,"1,786 followers",0,https://soundcloud.com/user-384072466
468,J V B O S S -PERFIL 1 œû,463 followers,0,https://soundcloud.com/juan-vn-963707026
469,L√™ Ti·∫øn Ph√°t (B O T),"2,141 followers",0,https://soundcloud.com/l-ti-n-ph-t-765697186
470,T>I D&B,"15,720 followers",0,https://soundcloud.com/t-i
471,Street Kid,910 followers,0,https://soundcloud.com/streetkid999
472,Niko B,"5,172 followers",0,https://soundcloud.com/nik0bellic
473,G.N.D JuniB,497 followers,0,https://soundcloud.com/junior-olson-282827552
474,G A M B I N N O (official),"3,804 followers",0,https://soundcloud.com/user-932680673
475,B King,770 followers,0,https://soundcloud.com/bking-music
476,Never B Alone,"2,288 followers",0,https://soundcloud.com/never-b-alone
477,~S,"5,788 followers",0,https://soundcloud.com/user-906683519
478,JohnB,"20,723 followers",0,https://soundcloud.com/johnb
479,R O B E R M A R T I N,"6,295 followers",0,https://soundcloud.com/rober-martin-6
480,B.UNQ!,"5,299 followers",0,https://soundcloud.com/b-unq
481,ùêÅ„ÉûùêÄùêÉ‡¶êüá´üá≤,"6,755 followers",0,https://soundcloud.com/bradzii-manu-sam
482,DJ Storm DnB,"6,093 followers",0,https://soundcloud.com/djstormdnb
483,JEEM YOSUO((D.N.B)),"5,805 followers",0,https://soundcloud.com/jeem-yosuo
484,solunary,"6,261 followers",0,https://soundcloud.com/solunary
485,B.O.D. Star,20 followers,0,https://soundcloud.com/b-o-d-star
486,BIG B,"3,626 followers",0,https://soundcloud.com/jordan-junior-682291947
487,FarrellB,"5,489 followers",0,https://soundcloud.com/imfarrellb
488,TRiP B,"4,336 followers",0,https://soundcloud.com/tripbmusicc
489,ZeroXTEKK¬Æ | [Z.T.R | J.B.R],"1,526 followers",0,https://soundcloud.com/zerox-tekk
490,Smokey Bubblin' B,"8,830 followers",0,https://soundcloud.com/smokey-bubblin-b123
491,Kenyon Dixon (R&B Kenny),"18,760 followers",0,https://soundcloud.com/kenyondixonmusic
492,N.B,"9,557 followers",0,https://soundcloud.com/rappersanger-1
493,Œõ N N Œõ B E L,"13,340 followers",0,https://soundcloud.com/annabel
494,B I L L Y G,"4,303 followers",0,https://soundcloud.com/bllyg
495,AURAS: R&B,"16,575 followers",0,https://soundcloud.com/soundcloud-auras
496,MarStarBro,"7,819 followers",0,https://soundcloud.com/marstarbro120
497,Hamada Shaqfa,"3,966 followers",0,https://soundcloud.com/hamada-shaqfa
498,Tyler B Style,233 followers,0,https://soundcloud.com/tyler-b-style
499,Gusted,"6,628 followers",0,https://soundcloud.com/groovesbygusted
500,SMAL B,"7,988 followers",0,https://soundcloud.com/smalb_monsters
501,Snight B,"4,826 followers",0,https://soundcloud.com/snight-b-deejay
502,RADIO.D59B,"6,618 followers",0,https://soundcloud.com/radiod59b
503,M B üåä,"4,158 followers",0,https://soundcloud.com/demonade-x
504,DJ GB DE CARIACICA | R D B üëë,"4,077 followers",0,https://soundcloud.com/user-332469796
505,Dj Yo | Officiel,"3,584 followers",0,https://soundcloud.com/yoaann_b
506,Shema,409 followers,0,https://soundcloud.com/shema
507,Benji B,"44,617 followers",0,https://soundcloud.com/benji-b
508,B33MA,859 followers,0,https://soundcloud.com/b33ma
509,Nickas  B  Caartser,765 followers,0,https://soundcloud.com/nickas-b-caartser
510,b1ank,"1,106 followers",0,https://soundcloud.com/b1ankk
511,FB √êO Y√òUTUBEü§¥üèæ - O MENOZIN DA S√âRIE GOLD!ü§Øüé∂,"1,902 followers",0,https://soundcloud.com/f-b-do-y-t-b-ofc
512,BillyMich3lüëΩ,128 followers,0,https://soundcloud.com/b-g-miel-honey
513,PL MALVAD√ÉO YTB ‚úî,"3,604 followers",0,https://soundcloud.com/2b-movic
514,DJ Ranks,330 followers,0,https://soundcloud.com/ranks-b
515,DJ Local B,"5,806 followers",0,https://soundcloud.com/djlocalb
516,Teka B,"9,294 followers",0,https://soundcloud.com/tekab
517,Ash B.,"1,707 followers",0,https://soundcloud.com/ashb4sure
518,B-2,999 followers,0,https://soundcloud.com/b-2official
519,B-Dawg,587 followers,0,https://soundcloud.com/b-dawg-music
520,B1un7,252 followers,0,https://soundcloud.com/b1un7
521,N G H I A B E,"3,936 followers",0,https://soundcloud.com/b-ngh-a-27660162
522,Nick Ballin ( B4LLIN STAWNS ),"4,344 followers",0,https://soundcloud.com/b4llin
523,KAELIN ELLIS,"22,477 followers",0,https://soundcloud.com/kaelinellisog
524,HeadzUp,"8,241 followers",0,https://soundcloud.com/headzup-uk
525,Bala B (Official),59 followers,0,https://soundcloud.com/bala-b-official
526,B.E.Ps,655 followers,0,https://soundcloud.com/b-e-ps
527,Dot-B (Official),"6,415 followers",0,https://soundcloud.com/dot-b-official-1
528,bLAck pARty,"5,996 followers",0,https://soundcloud.com/blackpartypresents
529,Ryan B Official UK,151 followers,0,https://soundcloud.com/ryan-b-the-voice-for-pcrf
530,b.dec,"3,759 followers",0,https://soundcloud.com/b-dec
531,B-Class,"1,943 followers",0,https://soundcloud.com/b-class-music
532,üëª    ùñß4ùñ©ùñ® ùñ¨ùñ¥ùñ≤ùñ†    üëª,"2,502 followers",0,https://soundcloud.com/m-j-b-h-481835296
533,B8h0v3n,277 followers,0,https://soundcloud.com/user-338851148
534,B2,"6,706 followers",0,https://soundcloud.com/michibitou
535,Bgarmel,764 followers,0,https://soundcloud.com/b-garmel
536,DjAlexB-France,"1,981 followers",0,https://soundcloud.com/djalexb-france
537,BunBTrillOG,"6,836 followers",0,https://soundcloud.com/bunbtrillog
538,domo signed,381 followers,0,https://soundcloud.com/bee-lee-zee
539,Kach ‚ô™,"2,483 followers",0,https://soundcloud.com/kachpromo
540,B FROM E,"2,798 followers",0,https://soundcloud.com/bfrome
541,K B F,"1,555 followers",0,https://soundcloud.com/klfs-alahbabi
542,Armin B‡•êZ,487 followers,0,https://soundcloud.com/armin-bz
543,K-POP LOVES R&B ‚Ä¢ frequentiis ‚Ä¢ supersounds,"3,488 followers",0,https://soundcloud.com/frequentiis
544,YvngTonyB,"1,149 followers",0,https://soundcloud.com/yungtonyb
545,Jango Kett (DnB),"4,528 followers",0,https://soundcloud.com/jango-kett-dnb
546,"Tone-B  Harrisburg, PA",432 followers,0,https://soundcloud.com/user-670008670
547,DvB Productionz,"6,103 followers",0,https://soundcloud.com/dvbproductionz
548,It's R&B ·É¶,"4,132 followers",0,https://soundcloud.com/itsrbsoul
549,N.E. Heartbreak,"3,888 followers",0,https://soundcloud.com/ne-heartbreak
550,Kenzo B,"2,317 followers",0,https://soundcloud.com/kenzo-b-893417543
551,Patron B.A.,"8,230 followers",0,https://soundcloud.com/patron-b-a
552,Double B Mixes,496 followers,0,https://soundcloud.com/double-b-mixes
553,ROWJAY C.O.B,"10,678 followers",0,https://soundcloud.com/rowjaycob
554,Murda B,"2,408 followers",0,https://soundcloud.com/murdab
555,Bagas Silalahi,"2,042 followers",0,https://soundcloud.com/bagas-silalahi02
556,Spinelli,784 followers,0,https://soundcloud.com/sarahthebeee
557,L.A.B.,"2,988 followers",0,https://soundcloud.com/lab-sc
558,H Y B R I D,"20,456 followers",0,https://soundcloud.com/hybridbanduk
559,B Smyth,"30,402 followers",0,https://soundcloud.com/bsmyth
560,[508] B1Z,288 followers,0,https://soundcloud.com/boneztpd
561,Flashy B,"1,808 followers",0,https://soundcloud.com/fastmoneyflashyb
562,HeRzZ-Hrdtekk [E.U.R][J.B.R],"1,036 followers",0,https://soundcloud.com/user-743348401
563,HangB,"1,686 followers",0,https://soundcloud.com/bobby_phan1996
564,BrandonB $teppin,157 followers,0,https://soundcloud.com/brandon-swink-358437370
565,Lil B THE BASEDGOD,520 followers,0,https://soundcloud.com/user-852490209
566,DJ FERNANDINHO B20 // BAILE DO SANTO AMARO ‚òëÔ∏è,"9,183 followers",0,https://soundcloud.com/fernandinhob20
567,Seanib.com,"15,040 followers",0,https://soundcloud.com/seanib-com
568,Hussam Beats (Type Beat : R&B Trap Pop ),"8,320 followers",0,https://soundcloud.com/hussambeats
569,DnB Doctor.,"5,787 followers",0,https://soundcloud.com/dnbdoctor
570,S.A.B,687 followers,0,https://soundcloud.com/strictlyaboutbizznezz
571,DJ BS SANTOS,809 followers,0,https://soundcloud.com/user-226975931
572,Drumad,"4,453 followers",0,https://soundcloud.com/officialdrumad
573,G - TONE (O.B.O_Music),"7,667 followers",0,https://soundcloud.com/g-tone-1
574,b1uccimane,643 followers,0,https://soundcloud.com/berrybluee
575,Ha BiB,"8,855 followers",0,https://soundcloud.com/ha-bib-436108042
576,Turiya_Rec. -,"2,699 followers",0,https://soundcloud.com/lob-turiya_rec
577,Plan B,608 followers,0,https://soundcloud.com/planb42767
578,DJ XclusiVe G2B,634 followers,0,https://soundcloud.com/king-xclusive
579,QR B2B AP,195 followers,0,https://soundcloud.com/cadiralexander-ramirezperez
580,Jamie Tiller,"13,991 followers",0,https://soundcloud.com/jamietiller
581,DJ BLACK WHALE Q8,"4,245 followers",0,https://soundcloud.com/black-whale-587426387
582,b√°,"2,347 followers",0,https://soundcloud.com/0vkis
583,Odd Squad Family,"8,661 followers",0,https://soundcloud.com/odd-squad-family
584,ech,353 followers,0,https://soundcloud.com/maxangle
585,10.4,164 followers,0,https://soundcloud.com/10point-4genesis
586,DJ Charlie B,"3,891 followers",0,https://soundcloud.com/djcharlieb1
587,Syckrow PF,"6,872 followers",0,https://soundcloud.com/syckrow
588,DARKDISCO.ORG,"6,148 followers",0,https://soundcloud.com/dark-disco
589,R Œ£ K ‚Ä¢,"24,761 followers",0,https://soundcloud.com/remak-dj-987
590,DJ k√©k√© C.B.S,"3,872 followers",0,https://soundcloud.com/djkeke97
591,Billy B,"2,047 followers",0,https://soundcloud.com/thc-billy-b
592,Rajeev B,"8,250 followers",0,https://soundcloud.com/rajeev-b
593,Nevraltik [S.U.B SoundSystem],"1,609 followers",0,https://soundcloud.com/nevraltik
594,EBK Trey B,353 followers,0,https://soundcloud.com/ebktreyb
595,Z A B A I,"2,577 followers",0,https://soundcloud.com/gibson-mipari
596,DnB Unreleased,323 followers,0,https://soundcloud.com/dnb-unreleased
597,DJ SETE B,"1,978 followers",0,https://soundcloud.com/zd-sheik
598,MeloTeKK|aKaBLECHBEBO [U‚Ä¢V] [J.B.R][G‚Ä¢T‚Ä¢F],"1,131 followers",0,https://soundcloud.com/sam-bddy
599,tomoB,831 followers,0,https://soundcloud.com/tomob-246121195
600,Dj Alysson B,159 followers,0,https://soundcloud.com/djalyssonb
601,c,"44,488 followers",0,https://soundcloud.com/c2rh
602,c-,"16,169 followers",0,https://soundcloud.com/cminuss
603,B L A C K K R A Y,"134,855 followers",0,https://soundcloud.com/blackkray
604,Sam Moffat ‚ô•Ô∏è‚ô•Ô∏è‚ô•Ô∏è‚ô•Ô∏è‚ù§Ô∏è‚ù§Ô∏è‚ù§Ô∏è‚ù§Ô∏è‚ô•Ô∏è‚ô•Ô∏è‚ô•Ô∏è‚ô•Ô∏è‚ù§Ô∏è‚ù§Ô∏è‚ù§Ô∏è‚ù§Ô∏è,"10,098 followers",0,https://soundcloud.com/sam-moffat-723049082
605,L!L DANKMANCHUNGUS,"6,607 followers",0,https://soundcloud.com/lildankmanchungus
606,c4pri (4),"3,896 followers",0,https://soundcloud.com/gremlife
607,Mick,"6,305 followers",0,https://soundcloud.com/mick2410
608,Free Music - ŸÅÿ±Ÿä ŸÖŸäŸàÿ≤ŸäŸÉ,"550,626 followers",0,https://soundcloud.com/free-music-egypt
609,N4C,"12,244 followers",0,https://soundcloud.com/n4c
610,C100,"37,572 followers",0,https://soundcloud.com/user-591568114
611,Grimes (Official),"159,429 followers",0,https://soundcloud.com/actuallygrimes
612,hi-c,"42,905 followers",0,https://soundcloud.com/ca-hed-cobraz
613,C. E. Branscomb (Phantom Lord Chi),"6,929 followers",0,https://soundcloud.com/user-200923271
614,A.M.C,"47,005 followers",0,https://soundcloud.com/a-m-c
615,Tray C,"22,794 followers",0,https://soundcloud.com/djtrayc
616,CEO Trayle,"39,158 followers",0,https://soundcloud.com/bigceoormrc4
617,CKEY HOUSE,"4,920 followers",0,https://soundcloud.com/ckeyhouse99
618,Ryan C.,"154,047 followers",0,https://soundcloud.com/ryan-cc
619,Cale C,"12,391 followers",0,https://soundcloud.com/promogod519
620,ANDY C ram,"116,356 followers",0,https://soundcloud.com/andyc_ram
621,@Iambru_UK,"43,205 followers",0,https://soundcloud.com/iambru
622,BiC Fizzle,"21,565 followers",0,https://soundcloud.com/bicfizzle
623,OJC-O.J.C,"10,201 followers",0,https://soundcloud.com/o-j-c
624,Initi8,"16,204 followers",0,https://soundcloud.com/initi8uk
625,Steel City Dance Discs,"30,425 followers",0,https://soundcloud.com/steelcitydancediscs
626,1c,"6,348 followers",0,https://soundcloud.com/1c34
627,C.M.L.,"11,516 followers",0,https://soundcloud.com/cmllavishd
628,#ùë¨ùë¥ ‚ÄôùíÅùë®,"4,662 followers",0,https://soundcloud.com/emza-c
629,DJ PATAGONIA,"1,700 followers",0,https://soundcloud.com/djpatagonia
630,MICHAEL NOVE'LLL,"2,932 followers",0,https://soundcloud.com/mikal-feen-x-dirtymike
631,K O N E C S,"33,101 followers",0,https://soundcloud.com/konecs
632,Nasty C,"86,820 followers",0,https://soundcloud.com/ivour
633,C23,"3,029 followers",0,https://soundcloud.com/max-chen
634,C Lifestyle Archives,"1,184 followers",0,https://soundcloud.com/clifestyleclr
635,C100IsThAtU,"5,684 followers",0,https://soundcloud.com/prodbyc100_2
636,Sosa So,"1,274 followers",0,https://soundcloud.com/sammysosa803
637,Cristian Avenda√±o Dj,"3,407 followers",0,https://soundcloud.com/cristian-avendano-dj-2004
638,RiXTiiC,"1,046 followers",0,https://soundcloud.com/user-757336086
639,MR.C,"6,235 followers",0,https://soundcloud.com/edj-doeracha-brt
640,David Valencia,"11,975 followers",0,https://soundcloud.com/davidvalenciamusic
641,M A R I O   B E C K M A N,"13,770 followers",0,https://soundcloud.com/mariobeckmandj
642,C Blu,"20,670 followers",0,https://soundcloud.com/user-752588820
643,Kevin C. Browne,"7,967 followers",0,https://soundcloud.com/kevincbrowne
644,C Stunna,"8,197 followers",0,https://soundcloud.com/cstunnamusic
645,Franchise,"28,169 followers",0,https://soundcloud.com/fraanchiisee
646,Marjorie -W.C. Sinclair,"7,487 followers",0,https://soundcloud.com/petxmr
647,Sally C,"11,644 followers",0,https://soundcloud.com/sallycberlin
648,DJ DRIZZY TRAP KING C.R.,"48,061 followers",0,https://soundcloud.com/ez_1993
649,phace,"74,668 followers",0,https://soundcloud.com/phace
650,Dois C Rlküé≠üìùüçÄ,"3,151 followers",0,https://soundcloud.com/caioket
651,C.W.A,40 followers,0,https://soundcloud.com/noah-is-not-cool
652,C.Z-KiND Live [EFN],"27,053 followers",0,https://soundcloud.com/kevin-buechner
653,C-Kan,"38,296 followers",0,https://soundcloud.com/ckan98
654,Steven Gomez Dj,"7,250 followers",0,https://soundcloud.com/user-957273285-125709258
655,CASISDEAD,"22,790 followers",0,https://soundcloud.com/cas-casisdead
656,CK9C / Jorge Aguilar II,"28,800 followers",0,https://soundcloud.com/ck9c
657,C.O.S.A.,"18,986 followers",0,https://soundcloud.com/c-o-s-a
658,Sylvia C. Camacho,157 followers,0,https://soundcloud.com/sylvia-c-camacho
659,SaYed Khalifa,"7,256 followers",0,https://soundcloud.com/sk_musicofficiall
660,$aiahadelic,"1,588 followers",0,https://soundcloud.com/saiah_playa24
661,KIPPO,"15,318 followers",0,https://soundcloud.com/kippo
662,Lil Slim C,"11,751 followers",0,https://soundcloud.com/lilslimc
663,S–¶–ëMIŒì –ØŒûC–§–ØDS,"5,815 followers",0,https://soundcloud.com/stanley-hottek
664,MystiC,"12,227 followers",0,https://soundcloud.com/mystic_psytrance
665,crawdad sniper,"5,462 followers",0,https://soundcloud.com/crawdadsniper
666,iHearCanvas,"8,007 followers",0,https://soundcloud.com/ihearcanvas
667,DJ PL  |  O     P S I C O P A T A,"16,105 followers",0,https://soundcloud.com/dj-pl
668,ss3bby,"3,304 followers",0,https://soundcloud.com/ss3bby
669,AUDADDIO,822 followers,0,https://soundcloud.com/audaddio
670,Cheech Vitale,613 followers,0,https://soundcloud.com/cheech-vitale
671,/ CRUDE /,"24,565 followers",0,https://soundcloud.com/crudeberlin
672,C Blu,"2,479 followers",0,https://soundcloud.com/cblu180
673,K O C C I N,"2,445 followers",0,https://soundcloud.com/koccin
674,JmikeC,959 followers,0,https://soundcloud.com/jmikec
675,Trag!c,"1,298 followers",0,https://soundcloud.com/tragicoffical
676,DJ CHADIN DO C ‚ô™,"5,696 followers",0,https://soundcloud.com/user-537240431
677,C-Sick House,"3,038 followers",0,https://soundcloud.com/csickhouse
678,C.T. The God,"2,134 followers",0,https://soundcloud.com/ctthegod-music
679,MusiC Hits - ŸÖÿ≤ŸäŸÉÿß ‚úÖ,"4,650 followers",0,https://soundcloud.com/m19955
680,VaporGod,"5,899 followers",0,https://soundcloud.com/745118932
681,R y a n   C e l s i u s ¬∞,"60,486 followers",0,https://soundcloud.com/ryan-celsius
682,Eyezic,"6,621 followers",0,https://soundcloud.com/eyezic-music
683,Villager,"51,822 followers",0,https://soundcloud.com/villagersound
684,LioP,"3,975 followers",0,https://soundcloud.com/h-ng-ph-c-674422589
685,VIVa MUSiC Group,"48,072 followers",0,https://soundcloud.com/vivamusic
686,C2D,"11,489 followers",0,https://soundcloud.com/charles2d
687,FRANTiC NOiSE,"27,158 followers",0,https://soundcloud.com/franticnoise
688,J A Y   E L E C T R O N I C A,"49,251 followers",0,https://soundcloud.com/jayelectronica
689,SANTOS SANTANA,"11,152 followers",0,https://soundcloud.com/thesantos-1
690,Saved C,475 followers,0,https://soundcloud.com/wicked-c-741670894
691,ùó∞ ùóπ ùó∂ ùóΩ ùóΩ . ùóÆ ùóø ùòÅ,"12,220 followers",0,https://soundcloud.com/clipp_art
692,‚ôõ LaLion ‚ôõ,"6,067 followers",0,https://soundcloud.com/lalionnn
693,cash,"4,956 followers",0,https://soundcloud.com/cash-official
694,BenyiC03,"7,140 followers",0,https://soundcloud.com/benyic03
695,Fontaines D.C.,"4,086 followers",0,https://soundcloud.com/fontainesdublin
696,C4PARS,482 followers,0,https://soundcloud.com/c4pars
697,Trancestrudel,"1,594 followers",0,https://soundcloud.com/trancestrudel
698,C. Tangana,"10,916 followers",0,https://soundcloud.com/ctangana
699,C. Watly,"1,282 followers",0,https://soundcloud.com/cwatly-music
700,DJ LB DO ST2,"3,229 followers",0,https://soundcloud.com/djlb-do-st2
701,shimelwrld v3,709 followers,0,https://soundcloud.com/braydon-shimel-400055703
702,DJ NeoN,"55,151 followers",0,https://soundcloud.com/xdjneonx
703,Dj Babatr,"3,808 followers",0,https://soundcloud.com/dj-babatr
704,Marxist Ramsi,586 followers,0,https://soundcloud.com/marxistramsi
705,@MCVERTT,"17,846 followers",0,https://soundcloud.com/mcvertt
706,M   O   O   N   J   U   I   C   E,"2,433 followers",0,https://soundcloud.com/scott-g-burton
707,‚òûCŒ± úœ±…•Œ∫Œ±‚Ñ¢‚òú,"3,623 followers",0,https://soundcloud.com/sass-mackelo
708,S K SPLASH,"14,636 followers",0,https://soundcloud.com/splashmoblnf
709,Seoul Community Radio,"15,009 followers",0,https://soundcloud.com/seoulcommunityradio
710,C.Gambino,"2,204 followers",0,https://soundcloud.com/cgambino-music
711,"RhythmStorm ""HFC/eRReDeKa"" aka The YoungVeteran","11,862 followers",0,https://soundcloud.com/rhythmstormatkum
712,cYsmix,"11,711 followers",0,https://soundcloud.com/olemlanglie
713,Only C Tahiti,"13,215 followers",0,https://soundcloud.com/bornforthegood
714,MR.C,"1,783 followers",0,https://soundcloud.com/muh-syarif04
715,Dj Chi·ªÅu98 üáªüá≥  (C98),"19,608 followers",0,https://soundcloud.com/chieu98
716,I D C,"7,064 followers",0,https://soundcloud.com/user-166270916
717,Sandy Rivera aka K.O.T,"25,810 followers",0,https://soundcloud.com/sandy-rivera
718,Raheem DeVaughn,"16,558 followers",0,https://soundcloud.com/raheem-devaughn
719,Pete Rock & C.L. Smooth,"4,341 followers",0,https://soundcloud.com/pete-rock-cl-smooth
720,C-Murder,"3,988 followers",0,https://soundcloud.com/cmurderofficial
721,CŒ±sablŒ±ncŒ±.,374 followers,0,https://soundcloud.com/casablancarecord
722,V I N C E N Z,"1,583 followers",0,https://soundcloud.com/user1231989
723,DJ C7,"11,085 followers",0,https://soundcloud.com/djc777
724,6 C L OU D,256 followers,0,https://soundcloud.com/derrick-johnson-745242904
725,C H I P üí§,992 followers,0,https://soundcloud.com/chip2tuoi
726,AM-C,"15,686 followers",0,https://soundcloud.com/amclaav
727,SyNaPSe (ùï≥.ùïØ.ùïÆ),"3,666 followers",0,https://soundcloud.com/synapsentekk
728,Zigi SC,"5,761 followers",0,https://soundcloud.com/zigisc
729,Lx $ilent:.,"1,191 followers",0,https://soundcloud.com/user-366929442
730,Gaszia,"10,723 followers",0,https://soundcloud.com/gaszia
731,DEEP DISH,"50,317 followers",0,https://soundcloud.com/deepdish
732,Blade,941 followers,0,https://soundcloud.com/abm-tox1c
733,JossuNduuR / Josue.C,363 followers,0,https://soundcloud.com/josue-c
734,S6C,"3,746 followers",0,https://soundcloud.com/s6c
735,C-TRIP,597 followers,0,https://soundcloud.com/c-trip
736,Gusted,"6,628 followers",0,https://soundcloud.com/groovesbygusted
737,M C V,"3,392 followers",0,https://soundcloud.com/ph-tr-nh-ng-c
738,C Blu,"5,274 followers",0,https://soundcloud.com/cblue-official
739,The PropheC,"42,219 followers",0,https://soundcloud.com/the-prophec
740,C-Notes,"3,270 followers",0,https://soundcloud.com/c-notes100
741,C.FRIM,"4,241 followers",0,https://soundcloud.com/c-frim
742,C418,"38,499 followers",0,https://soundcloud.com/c418
743,UCT_OFFICIAL,43 followers,0,https://soundcloud.com/ugyen-c-thinley
744,KRATOX [WAH|I.K.C],"4,852 followers",0,https://soundcloud.com/kratoxtekk
745,c152,608 followers,0,https://soundcloud.com/c152synth
746,3P1C-H1D3R,284 followers,0,https://soundcloud.com/3p1c-h1d3r-music
747,Yung lik 1C,783 followers,0,https://soundcloud.com/yunglik1c-music
748,C8ppa,674 followers,0,https://soundcloud.com/c8ppa
749,Faithwalk Christian College,"1,599 followers",0,https://soundcloud.com/s4c-pwipwiz
750,King X2c,241 followers,0,https://soundcloud.com/kingx2c
751,babyg2c,"1,505 followers",0,https://soundcloud.com/babyg2c
752,C-DOT 416,"4,791 followers",0,https://soundcloud.com/pumpkin54
753,DJ-2C,53 followers,0,https://soundcloud.com/mfaltas-2c
754,‚éà‡ºí HYPEX ‡ºí ‚éà,"2,476 followers",0,https://soundcloud.com/hypexc00lkid
755,Jeddawi,"2,585 followers",0,https://soundcloud.com/ig-m9
756,Cause4Concern,"32,458 followers",0,https://soundcloud.com/cause4concern-recordings
757,R$C th4nhd4t,469 followers,0,https://soundcloud.com/tdatseetinh
758,R-C4D,844 followers,0,https://soundcloud.com/user-985522233
759,omni H‚Ä¢F‚Ä¢K [T‚Ä¢A‚Ä¢C],652 followers,0,https://soundcloud.com/domi-zumann
760,V I C K,407 followers,0,https://soundcloud.com/user-52102579
761,surfboi c,419 followers,0,https://soundcloud.com/chrislocked
762,loc dr√≥,"1,000 followers",0,https://soundcloud.com/locdro01
763,DJ BOSS Chicago,"3,014 followers",0,https://soundcloud.com/boss360
764,ROWJAY C.O.B,"10,678 followers",0,https://soundcloud.com/rowjaycob
765,cW,606 followers,0,https://soundcloud.com/cee2xyou
766,DJ GOLDEN 2,150 followers,0,https://soundcloud.com/stiven-fuentes-876197961
767,COSMICKEY,"3,444 followers",0,https://soundcloud.com/djcosmickey
768,D4C,"8,605 followers",0,https://soundcloud.com/l3h1ch
769,c l a s s y,"3,704 followers",0,https://soundcloud.com/classymsc
770,S V Œõ V Œû    U N –ò –û F F I C I Œõ L,253 followers,0,https://soundcloud.com/svave-unnofficial
771,ToGs [Ellen Noir/I.K.C/VTE],"1,425 followers",0,https://soundcloud.com/togs391
772,E.T.C,"3,458 followers",0,https://soundcloud.com/eointc
773,jC,725 followers,0,https://soundcloud.com/jc27016
774,1c34,367 followers,0,https://soundcloud.com/michael-moment-829472531
775,R.R.C. - Renegade Radio Camp,"3,076 followers",0,https://soundcloud.com/renegaderadiocamp
776,üßôüèª‚Äç‚ôÇÔ∏è DJ  MANO C DAS 7BK,"1,573 followers",0,https://soundcloud.com/djmanocdas7
777,Mr.J.A.C,292 followers,0,https://soundcloud.com/mrjac27
778,c-HAUTEM,"3,367 followers",0,https://soundcloud.com/louis-chautems
779,DJ k√©k√© C.B.S,"3,872 followers",0,https://soundcloud.com/djkeke97
780,·∂çi‚Çø‚ÇøP·∂ç Íùñœâ»ã“õ ‚±≤«ê≈•ƒê of da 'C.R.E.A.M. Fiendz'‚Ñó,216 followers,0,https://soundcloud.com/qwikwitd
781,ALVARADO DJ l,"2,253 followers",0,https://soundcloud.com/malo-hablar-385150802
782,NATALINO DE [ T.D.J.C ] #3RD,"1,126 followers",0,https://soundcloud.com/tdjcdj-tarakan
783,C2sumsicc,"1,888 followers",0,https://soundcloud.com/user-910889094
784,Ashleigh CüíÉüèΩü•≥üí®,523 followers,0,https://soundcloud.com/ashleigh-cairns-590489581
785,Geezy C,559 followers,0,https://soundcloud.com/geezyc-music
786,allstarepic.c,630 followers,0,https://soundcloud.com/allstarepicc2123
787,R1L3Y0C11,525 followers,0,https://soundcloud.com/user-279914200
788,U.C.L.A PUMP,661 followers,0,https://soundcloud.com/uclapump
789,H—îŒ±ŒΩ—É CœÉŒ∑—Ç—èŒ±—ï—Ç,"7,736 followers",0,https://soundcloud.com/heavcontpr
790,C3NTELL4,"2,620 followers",0,https://soundcloud.com/centellaculiao
791,JL-C$N,215 followers,0,https://soundcloud.com/jlcsn
792,DJ Walka,"2,177 followers",0,https://soundcloud.com/dj-walka
793,-üåüCatnap!!üåü-(read bio),229 followers,0,https://soundcloud.com/bye-hi-sigh-hawaii
794,Saeed Younan,"23,468 followers",0,https://soundcloud.com/saeedyounan
795,·û¢Ôø°·û¨ I ·ûå DYCKOM Ankillaaa FROM PAPARA üî•‚ò†Ô∏è,"1,516 followers",0,https://soundcloud.com/dyckom-pms
796,SYKO,"2,526 followers",0,https://soundcloud.com/richardo-john-606087889
797,DOISC PERFIL 1 üèÖü§πüèº‚Äç‚ôÄÔ∏èüöÄ,"4,767 followers",0,https://soundcloud.com/caio-oliveira-800
798,Instead of 7,"3,676 followers",0,https://soundcloud.com/insteadof7
799,C.C.,"1,651 followers",0,https://soundcloud.com/connercc
800,Pimp C,"6,239 followers",0,https://soundcloud.com/pimpcofficial
801,Rn_021c,448 followers,0,https://soundcloud.com/rian-nunes-freire
802,üçÅD J R B Y Y CüçÅ,869 followers,0,https://soundcloud.com/user-754140907
803,PS1C SLAYA,602 followers,0,https://soundcloud.com/user-810935961
804,FlyM9neyC0untup,348 followers,0,https://soundcloud.com/flym9neyc0untup
805,Workshow C. Artisticos,"4,642 followers",0,https://soundcloud.com/workshow
806,5C357,708 followers,0,https://soundcloud.com/skyflay5
807,C.H.A.Y.,"15,397 followers",0,https://soundcloud.com/chay
808,White_Fear_RFT-ReC0rD,"8,627 followers",0,https://soundcloud.com/white_fear
809,NATALINO DE [ T.D.J.C ] #5TH,255 followers,0,https://soundcloud.com/maria-anastasia-elisahbet
810,C M 1 7 üéóüñ§ üåô,"4,909 followers",0,https://soundcloud.com/nea-saimon
811,c,277 followers,0,https://soundcloud.com/catboy
812,∆ÅœÖ—Ç—Ç—î—èf∆ñ—É MœÖ—ïŒπc,"6,313 followers",0,https://soundcloud.com/bufl_mu_pr
813,CAM C,427 followers,0,https://soundcloud.com/camc-sc
814,SkuRriL[B‚Ä¢Z‚Ä¢R][S‚Ä¢A‚Ä¢R],236 followers,0,https://soundcloud.com/user-61405062
815,c o r r a n . üß∏,69 followers,0,https://soundcloud.com/corran-801869999
816,Mark C. Bess,136 followers,0,https://soundcloud.com/abiodun-ameenah-735877463
817,.: ùò§ ùò≥ ùò¢ ùò∫ ùò∑ ùòπ ùòØ,"1,765 followers",0,https://soundcloud.com/crayvxn
818,Michael C,59 followers,0,https://soundcloud.com/michaelc-sc
819,YMN jC,399 followers,0,https://soundcloud.com/ymnjc
820,C.Ysme,"3,315 followers",0,https://soundcloud.com/cysme
821,n o c t e l l e,131 followers,0,https://soundcloud.com/noctelle
822,Mark C,420 followers,0,https://soundcloud.com/user-577637039
823,Darling C,46 followers,0,https://soundcloud.com/darlingc
824,C4ST3R,"1,793 followers",0,https://soundcloud.com/caster_tekk
825,–ØE√ê CŒõ–Ø–¢E≈Å,"9,316 followers",0,https://soundcloud.com/red_cartel_pr
826,Joe C,212 followers,0,https://soundcloud.com/joseph-chittick
827,Big C,48 followers,0,https://soundcloud.com/bigc76010
828,JmikeC,495 followers,0,https://soundcloud.com/jmikec-music
829,JENnifer733ec3,523 followers,0,https://soundcloud.com/liza-xarchenko-863741676
830,≈Ω√†t X √á,"2,505 followers",0,https://soundcloud.com/phaychitoo-zxc
831,C¬¥$,530 followers,0,https://soundcloud.com/csspeedup
832,sprinks,"3,405 followers",0,https://soundcloud.com/4sprinks
833,CEEONNABEATS,"1,987 followers",0,https://soundcloud.com/djcbrezzy
834,N O B A D,"18,414 followers",0,https://soundcloud.com/pador987
835,davidloopdj,"4,261 followers",0,https://soundcloud.com/david-kgdo
836,DJ NIEMAND,"1,415 followers",0,https://soundcloud.com/niemandgabbadicts
837,LEONARDO CUADRADO ü§ìüíô,"5,319 followers",0,https://soundcloud.com/leocuadradodj3
838,DJ KATI BEAT,767 followers,0,https://soundcloud.com/katy-beat
839,#higgsseedmdup,872 followers,0,https://soundcloud.com/t-lee-164542249
840,EDD DJ,"2,911 followers",0,https://soundcloud.com/edwin-correa-v
841,SIKKUNT-TRACKS,"4,767 followers",0,https://soundcloud.com/ninjasmart
842,MAXX - C,"7,284 followers",0,https://soundcloud.com/tung-thanh-701849487
843,TOX!C,"2,515 followers",0,https://soundcloud.com/toxicmusicofficial
844,Yung C.A.S.C.O,"1,803 followers",0,https://soundcloud.com/yungcasco-music
845,C $tacks,644 followers,0,https://soundcloud.com/ctacks-music
846,MUS≈ÇC MŒõ√ê–õESS,"5,886 followers",0,https://soundcloud.com/music_madness_pr
847,"DJ JOAO C8 - VAMOS PEGAR 10K, ME SEGUEEEEEE","8,440 followers",0,https://soundcloud.com/djjoaodocorteoito
848,4.19o.c,945 followers,0,https://soundcloud.com/419oc
849,cKc,"2,542 followers",0,https://soundcloud.com/crakoclope
850,P A P P A R I C H - AC 3,"2,402 followers",0,https://soundcloud.com/pappa-rich-685707458
851,C Yungin,657 followers,0,https://soundcloud.com/cyungin
852,C Dobleta,770 followers,0,https://soundcloud.com/cdobleta-music
853,üôèüé∂D~N~B_C Süé∂üôè,451 followers,0,https://soundcloud.com/seniena-soulik
854,C.T.M,"1,974 followers",0,https://soundcloud.com/noctm
855,c2x,384 followers,0,https://soundcloud.com/chaos2x
856,hi-c archive,956 followers,0,https://soundcloud.com/hicarchive
857,C.T. The God,696 followers,0,https://soundcloud.com/ctthegod-scmusic
858,AndressDj,713 followers,0,https://soundcloud.com/andres-caro-238747638
859,All For One Jay *,292 followers,0,https://soundcloud.com/jaydis-sejour
860,–ºŒ±–Ω‚àÇŒπ,"2,943 followers",0,https://soundcloud.com/mahdi-khobestani
861,U N I C O üéà ‚úî,765 followers,0,https://soundcloud.com/terrordo7bpm
862,Godday C,"1,763 followers",0,https://soundcloud.com/goddayc
863,OcieC,"2,255 followers",0,https://soundcloud.com/ociec
864,Latesha C. Miller,93 followers,0,https://soundcloud.com/ksjbehbhuhbewu
865,S C R B R Z Y,"5,465 followers",0,https://soundcloud.com/harveeeeey
866,5C356,"1,313 followers",0,https://soundcloud.com/user-847004596
867,Der Abfakker [T‚Ä¢F‚Ä¢T],"3,478 followers",0,https://soundcloud.com/der-abfakker
868,Alejandro Daza DJ,216 followers,0,https://soundcloud.com/alejandro-daza-dj
869,Chris Bingham,890 followers,0,https://soundcloud.com/user-839985078
870,c678924,"1,999 followers",0,https://soundcloud.com/c678924
871,Couvre x Chefs,"7,707 followers",0,https://soundcloud.com/couvrexchefs
872,djAleleon ü¶Å,"1,598 followers",0,https://soundcloud.com/user-610013674
873,Gasa Remix,568 followers,0,https://soundcloud.com/jay-elijah-437684879
874,DJ Will C,454 followers,0,https://soundcloud.com/djwill_c
875,C Glizzy,"9,890 followers",0,https://soundcloud.com/cglizzyofficial
876,D.I.T.C. STUDIOS,"9,005 followers",0,https://soundcloud.com/ditcstudios
877,Lifting Up The Mighty Fallen,792 followers,0,https://soundcloud.com/lftng-up-the-mghty-fllen
878,Michael C Graley,213 followers,0,https://soundcloud.com/michael-c-graley
879,C-Money,591 followers,0,https://soundcloud.com/c-moneymusic
880,C4 Pedro,"15,527 followers",0,https://soundcloud.com/c4pedro
881,Bad Brains,"3,997 followers",0,https://soundcloud.com/badbrainsofficial
882,U&!,"3,934 followers",0,https://soundcloud.com/uandimusic
883,SharC,"4,975 followers",0,https://soundcloud.com/sharcsharc
884,Empty Stomach,"1,865 followers",0,https://soundcloud.com/emptystomach
885,Mc kano c üé§,683 followers,0,https://soundcloud.com/user-553931240
886,CarlitoSwagg SGE,130 followers,0,https://soundcloud.com/c-s-331346855
887,Zj_Gerald üí•üöÄ,"2,654 followers",0,https://soundcloud.com/gerald-c-e
888,Bcorry ¬≤,106 followers,0,https://soundcloud.com/bryson-c-968199542
889,Teq6s,130 followers,0,https://soundcloud.com/c-j-33724604
890,Christian B Faure (C4),142 followers,0,https://soundcloud.com/christian-b-faure
891,E-BiT [WAH|i.K.C],"3,906 followers",0,https://soundcloud.com/ebit-live
892,Dark_Sist,348 followers,0,https://soundcloud.com/clementmiranda264
893,UNOTHEACTIVIST,"6,145 followers",0,https://soundcloud.com/unotheacivist
894,LilC4,"29,223 followers",0,https://soundcloud.com/itslilc4
895,M A G I C  Production  23,482 followers,0,https://soundcloud.com/vladimir-vogt-736102638
896,alicia c.,734 followers,0,https://soundcloud.com/alicia-garcia-reyes
897,cOoPeR<3,8 followers,0,https://soundcloud.com/cooper-derton
898,C-Lou,342 followers,0,https://soundcloud.com/user-519471451
899,C3thabandit,174 followers,0,https://soundcloud.com/coreywhitejr18
900,c7eur,409 followers,0,https://soundcloud.com/senwc
901,MC4D,"60,681 followers",0,https://soundcloud.com/mc4d_official
902,YDG,"51,560 followers",0,https://soundcloud.com/itsydg
903,d4vd (@d4vddd),"81,689 followers",0,https://soundcloud.com/d4vddd
904,JID,"235,099 followers",0,https://soundcloud.com/jidsv
905,DDG,"359,370 followers",0,https://soundcloud.com/pontiacmadeddg
906,Crankdat,"193,260 followers",0,https://soundcloud.com/crankdatmusic
907,DG DO BROOKLYN ü§Ø,"43,462 followers",0,https://soundcloud.com/d-g-z-i-n
908,DODDS,"8,629 followers",0,https://soundcloud.com/doddsz
909,drain gang,"102,398 followers",0,https://soundcloud.com/gravityboys
910,Hot (8D) Music(3),"17,349 followers",0,https://soundcloud.com/hot8dmusic3
911,Gb da Cxd ‚ú™,"38,320 followers",0,https://soundcloud.com/emici-gb-102579697
912,d3r,"11,848 followers",0,https://soundcloud.com/d3rcore
913,D-Block Europe,"118,151 followers",0,https://soundcloud.com/dblock_europe
914,Houda Bondok - ÿ≠ŸàÿØŸá ÿ®ŸÜÿØŸÇ,"196,170 followers",0,https://soundcloud.com/hodabondok-music
915,Belters Only,"38,287 followers",0,https://soundcloud.com/beltersonly-21
916,Jazzy,"19,398 followers",0,https://soundcloud.com/jazzydublin
917,Digga D,"91,214 followers",0,https://soundcloud.com/diggad-music
918,DJ MATT-D,"74,403 followers",0,https://soundcloud.com/oficialmattd
919,D Savage,"229,282 followers",0,https://soundcloud.com/dsavage3900
920,DJ NK DA SERRA,"27,356 followers",0,https://soundcloud.com/djnkdaserra
921,D.O.D,"55,546 followers",0,https://soundcloud.com/d-o-d
922,Infrar3dDontShoot!,"3,444 followers",0,https://soundcloud.com/balesfo
923,"√â-≈Ç_√ê-√∏""√∞-üòàü¶Çüî•","6,945 followers",0,https://soundcloud.com/9zggfeciem4j
924,Knucks,"25,948 followers",0,https://soundcloud.com/knucks
925,GoldLink,"270,214 followers",0,https://soundcloud.com/goldlink
926,KYLE.,"398,867 followers",0,https://soundcloud.com/superduperkylemusic
927,√â OS D VIDA,"2,828 followers",0,https://soundcloud.com/eosdvida
928,COLOKTOTO,"2,671 followers",0,https://soundcloud.com/coloktoto-vip
929,DJ TDRES,"1,387 followers",0,https://soundcloud.com/t-d-r-e-s
930,STUDIO,"69,665 followers",0,https://soundcloud.com/wearestudio
931,dtdnb,"33,763 followers",0,https://soundcloud.com/datatransmissiondnb
932,DJ Vitamin D,"2,410 followers",0,https://soundcloud.com/vu-th-nh-t
933,Karl Durkan,"4,251 followers",0,https://soundcloud.com/karl-d-770075749
934,King_D,40 followers,0,https://soundcloud.com/king_d-506051055
935,Duong Duc Doanh 2,"4,631 followers",0,https://soundcloud.com/cdmn-k12d
936,Steel City Dance Discs,"30,425 followers",0,https://soundcloud.com/steelcitydancediscs
937,D12,"20,433 followers",0,https://soundcloud.com/d12
938,Koba LaD,"27,291 followers",0,https://soundcloud.com/kobalad
939,Tenacious D,"1,371,092 followers",0,https://soundcloud.com/tenaciousd
940,DJ SUPA D,"19,414 followers",0,https://soundcloud.com/djsupad
941,Songs - ÿßÿ∫ÿßŸÜŸä,"18,118 followers",0,https://soundcloud.com/8dsongs
942,Soul Mass Transit System,"12,865 followers",0,https://soundcloud.com/soulmasstransitsystem
943,djrandofficial,"52,892 followers",0,https://soundcloud.com/djrandofficial
944,VL4D,"1,211 followers",0,https://soundcloud.com/jvlad4395
945,MAOMETTO,"10,978 followers",0,https://soundcloud.com/m-h-m-237225804
946,D'Cross,"1,767 followers",0,https://soundcloud.com/rogerdcross
947,Blood Orange,"117,518 followers",0,https://soundcloud.com/bloodorange
948,Heavy D Chromatic,"21,193 followers",0,https://soundcloud.com/heavydchromatic
949,LOGAN D,"28,283 followers",0,https://soundcloud.com/logand1983
950,D-Sturb,"28,238 followers",0,https://soundcloud.com/officialdsturb
951,D-Nox,"142,975 followers",0,https://soundcloud.com/d-nox_official
952,Hot (8D) Music(2),"10,732 followers",0,https://soundcloud.com/hot8dmusic2
953,D‚Ö†R‚í∂N,"10,205 followers",0,https://soundcloud.com/dirantechzone_zip
954,J.D. Curry,"14,751 followers",0,https://soundcloud.com/jdcurry
955,5D Music Fest,"1,676 followers",0,https://soundcloud.com/5dmusicfest
956,Cristian Avenda√±o Dj,"3,407 followers",0,https://soundcloud.com/cristian-avendano-dj-2004
957,CRUSH3d,"6,762 followers",0,https://soundcloud.com/crush_3d
958,JOKO4D,"1,136 followers",0,https://soundcloud.com/joko4d-terbaik588
959,David Valencia,"11,975 followers",0,https://soundcloud.com/davidvalenciamusic
960,i-D,"223,234 followers",0,https://soundcloud.com/i_d_magazine
961,Move D,"84,543 followers",0,https://soundcloud.com/move-d
962,Helena Hauff,"72,317 followers",0,https://soundcloud.com/helena-hauff
963,DJ DOTCOM (MIXTAPE GENIUS),"20,982 followers",0,https://soundcloud.com/djdotcom1876
964,D.Dan,"28,199 followers",0,https://soundcloud.com/ddan-sounds
965,Melchior D Î©úÌÇ§Ïò§ Îîî,"1,220 followers",0,https://soundcloud.com/melchiordy
966,Jigme Namgyel Dorji (J.D),"22,747 followers",0,https://soundcloud.com/jigme-namgyel
967,‚ôï Geo Mcd ‚ôï,"31,575 followers",0,https://soundcloud.com/geomcd
968,O#D Composer,"4,337 followers",0,https://soundcloud.com/od-composer
969,Dj Dayana Alice D Records,"3,251 followers",0,https://soundcloud.com/dayana-darkpsy-love
970,D.A.V.E. The Drummer,"36,603 followers",0,https://soundcloud.com/dave-the-drummer
971,Alice-D-Records,"25,283 followers",0,https://soundcloud.com/alice-d-records-eu
972,d0llywood1,"31,473 followers",0,https://soundcloud.com/sanriorose
973,Bloquedefuego,102 followers,0,https://soundcloud.com/bloquedefuego
974,DJ D.T.R,"1,592 followers",0,https://soundcloud.com/djdtr
975,HEADBAND ANDY,"8,774 followers",0,https://soundcloud.com/headband-andy
976,Epicure,"50,661 followers",0,https://soundcloud.com/epicurecreate
977,F.R.W.R.D.,"13,097 followers",0,https://soundcloud.com/erikferwerda
978,S4D,742 followers,0,https://soundcloud.com/o-shine
979,D|K|OXY,"8,121 followers",0,https://soundcloud.com/dkoxy
980,Fontaines D.C.,"4,086 followers",0,https://soundcloud.com/fontainesdublin
981,D-Sides,"15,737 followers",0,https://soundcloud.com/iamdsides
982,TRAP-FUNK-D-FAVELA!(((2024))),"2,314 followers",0,https://soundcloud.com/douglas-monteiro-731421889
983,KenD,"10,627 followers",0,https://soundcloud.com/kendyou
984,F.I.D.,"14,001 followers",0,https://soundcloud.com/fidmusicofficial
985,D,"6,273 followers",0,https://soundcloud.com/wjood-112908331
986,DBSTF,"77,043 followers",0,https://soundcloud.com/dbstf
987,Knowledge_7D,"1,643 followers",0,https://soundcloud.com/knowledge7d
988,Steven Gomez Dj,"7,250 followers",0,https://soundcloud.com/user-957273285-125709258
989,D4 D4NCE,"5,773 followers",0,https://soundcloud.com/d4d4nce
990,D4RKNESS,"1,489 followers",0,https://soundcloud.com/d4rknessofficial
991,d.silvestre,"1,433 followers",0,https://soundcloud.com/d-silvestre
992,DJ DIZZY D,944 followers,0,https://soundcloud.com/dj-dizzy-d-4
993,donox,"1,289 followers",0,https://soundcloud.com/d-harry-222931145
994,D-FORMATION,"31,677 followers",0,https://soundcloud.com/d-formation
995,DJ BASS-D,"11,690 followers",0,https://soundcloud.com/eugenio-bass-d-dorwart
996,2D DA KELSON,"6,900 followers",0,https://soundcloud.com/2d-dakelson
997,Make A Dance / M.A.D RECORDS,"2,743 followers",0,https://soundcloud.com/makeadance
998,N.D_D√ò.MT4 ‚òÖTropa'Do_MT4_‚ô§,"1,349 followers",0,https://soundcloud.com/nando-duarte-704169606
999,5XD,"1,481 followers",0,https://soundcloud.com/user-526986609-551265659
1000,ùôáùôäùôêùôâùôÇùôÄ ùôàùôêùôéùôÑùòæ,"34,913 followers",0,https://soundcloud.com/david_sanya
1001,C2D,"11,489 followers",0,https://soundcloud.com/charles2d
1002,Flava D,"72,346 followers",0,https://soundcloud.com/flava_d
1003,Detroit Trap Music,"2,294 followers",0,https://soundcloud.com/detroit_trap_music
1004,crawdad sniper,"5,462 followers",0,https://soundcloud.com/crawdadsniper
1005,elena anastasiou-gkouma,856 followers,0,https://soundcloud.com/elena-anastasiou-gkouma
1006,everlov3d,"1,282 followers",0,https://soundcloud.com/sp1ashhh
1007,A D R I E N,"2,939 followers",0,https://soundcloud.com/adrienmusicro
1008,DŒõV–Ø,"5,474 followers",0,https://soundcloud.com/davr-live
1009,AhMeD. 74,"3,236 followers",0,https://soundcloud.com/ahmed-gamal-2983
1010,ENTRY TISA(D.N.B),"6,358 followers",0,https://soundcloud.com/entry-tisa
1011,P.O.D.,"16,351 followers",0,https://soundcloud.com/p-o-d
1012,[The Endless Knot],"6,481 followers",0,https://soundcloud.com/the_endless_knot
1013,dj_ahmad_al_d5eel,"30,185 followers",0,https://soundcloud.com/ahmad_ald5eel
1014,e5,"9,112 followers",0,https://soundcloud.com/dying2night
1015,ARCH ANGEL ENTERTAINMENT RECORDS,514 followers,0,https://soundcloud.com/daniel-prince-370346150
1016,Mike D,"2,349 followers",0,https://soundcloud.com/dj-miked
1017,Raw-Tone Studios. MicDonDee,563 followers,0,https://soundcloud.com/michele-daltoe-1
1018,Makk.Jayy,755 followers,0,https://soundcloud.com/joshua-jesuovie
1019,Kobie Dee,"6,904 followers",0,https://soundcloud.com/kobiedee47
1020,Berluti MannyD,"2,214 followers",0,https://soundcloud.com/only1_mdm
1021,‚àÜ N D ‚àÜ R ‚àÜ,"7,568 followers",0,https://soundcloud.com/dj_andara
1022,8D Songs,"88,693 followers",0,https://soundcloud.com/aktionmusico
1023,Re!d Pa4n. AVLM_ent,649 followers,0,https://soundcloud.com/iann-reed-326608540
1024,O.D. Beats,829 followers,0,https://soundcloud.com/darian-oan
1025,D-Fence,"32,509 followers",0,https://soundcloud.com/dfencenl
1026,Ôº§ŒõÔº®ÔºØÔºµÔº≥ŒûÔº¥,"6,018 followers",0,https://soundcloud.com/david-hernandez-595
1027,VaporGod,"5,899 followers",0,https://soundcloud.com/745118932
1028,D. Original,575 followers,0,https://soundcloud.com/samuel-scott-280570698
1029,Hossam MohameD,"14,580 followers",0,https://soundcloud.com/hossam-diabian
1030,DJ LUAN DO SD,"4,596 followers",0,https://soundcloud.com/djluandosd2
1031,WarinD,"10,387 followers",0,https://soundcloud.com/warind
1032,Eyezic,"6,621 followers",0,https://soundcloud.com/eyezic-music
1033,Dfideliz,"29,896 followers",0,https://soundcloud.com/dfideliz
1034,dkthepunisher,"18,494 followers",0,https://soundcloud.com/dkthepunisher
1035,Villager,"51,822 followers",0,https://soundcloud.com/villagersound
1036,N.E.R.D,"9,887 followers",0,https://soundcloud.com/nerd
1037,K.A.D,"4,198 followers",0,https://soundcloud.com/teamkad
1038,ü•∂K1lla Monarch Recordsü•∂,"8,868 followers",0,https://soundcloud.com/r5d-pu1se
1039,Mystery Skulls,"39,304 followers",0,https://soundcloud.com/mysteryskulls
1040,Ka:\D,"1,216 followers",0,https://soundcloud.com/dj-ka-d
1041,user281981355 JOE D,513 followers,0,https://soundcloud.com/user281981355-joe-d
1042,Aceg0d,"1,341 followers",0,https://soundcloud.com/aceg0d
1043,D3ad Scythe,600 followers,0,https://soundcloud.com/d3ad-scythe
1044,EDX,"167,926 followers",0,https://soundcloud.com/edxmusic
1045,D&L Beats,"8,877 followers",0,https://soundcloud.com/dl_beats
1046,D.N.R,"7,038 followers",0,https://soundcloud.com/d-n-r-449927375
1047,4D4M,"12,712 followers",0,https://soundcloud.com/4d4mofficial
1048,Nkim.sdie‚ù§Ô∏è,"2,061 followers",0,https://soundcloud.com/vc-d
1049,JIDDY,"15,997 followers",0,https://soundcloud.com/soicyjiddy
1050,MARCELO D2,"60,913 followers",0,https://soundcloud.com/marcelo-peixoto
1051,D-Singer official,"9,222 followers",0,https://soundcloud.com/d-singer-official
1052,Sleep D,"12,330 followers",0,https://soundcloud.com/sleepd
1053,D4L,"3,203 followers",0,https://soundcloud.com/d4lmusic
1054,DJ Black-D,"1,519 followers",0,https://soundcloud.com/black-d_official
1055,#D3viantMusic,910 followers,0,https://soundcloud.com/staytondeviant
1056,PHUNK D,"12,847 followers",0,https://soundcloud.com/dj-phunk-d
1057,JazƒÅ,"1,802 followers",0,https://soundcloud.com/jazamusic
1058,BLVCK CEILING,"27,405 followers",0,https://soundcloud.com/blvck-ceiling
1059,DJ - Producer D.Azh,"5,924 followers",0,https://soundcloud.com/producerdazh
1060,sau/d,"2,469 followers",0,https://soundcloud.com/s4aud
1061,iyan D1KE,"6,752 followers",0,https://soundcloud.com/user-41452822
1062,dBridge,"16,971 followers",0,https://soundcloud.com/dbridge_exitrecords
1063,ìÜ©M_o7-am'3d‚Ä¢‚Ñ¢‚úåÔ∏èìÜ™,"7,061 followers",0,https://soundcloud.com/xrnzffoeeiv6
1064,Vigos D.G.S.,"2,233 followers",0,https://soundcloud.com/user-834624394
1065,DŒûON,"1,934 followers",0,https://soundcloud.com/carpe_deon
1066,D. Skip,742 followers,0,https://soundcloud.com/dskip-music
1067,D O L L E Y,"2,157 followers",0,https://soundcloud.com/dung205
1068,l19u1d,"6,495 followers",0,https://soundcloud.com/l19u1d
1069,Seamus D,"4,672 followers",0,https://soundcloud.com/seamusdmusic
1070,D.OZi,"19,676 followers",0,https://soundcloud.com/dozioficial
1071,k?d,"152,669 followers",0,https://soundcloud.com/whoskid
1072,AnD,"37,311 followers",0,https://soundcloud.com/andmusik
1073,D.SCHOLL,"1,219 followers",0,https://soundcloud.com/dscholl-music
1074,D Sturdy,"2,025 followers",0,https://soundcloud.com/philly-goat-dyce
1075,erickD,"6,482 followers",0,https://soundcloud.com/erickdie
1076,ùô≥ ùöò ùöñ ùöí ùöó ùöí ùöö ùöû ùöé ùô¥ ùöï ùöí ùö£ ùöä ùöã ùöé ùöù ùöë,69 followers,0,https://soundcloud.com/d-e-m-706122122
1077,Budda King,"4,143 followers",0,https://soundcloud.com/budda-king
1078,D-Frek,"13,710 followers",0,https://soundcloud.com/dfrek
1079,Nic D,"10,059 followers",0,https://soundcloud.com/iamnicd
1080,DJmegan23,"1,044 followers",0,https://soundcloud.com/djmegan666
1081,Mc Jambo D üé§,"8,621 followers",0,https://soundcloud.com/reecemc92
1082,D3 Kozmopolitan,"2,681 followers",0,https://soundcloud.com/d3kozmopolitan
1083,Exxto,549 followers,0,https://soundcloud.com/exxto
1084,D Smoke,"27,054 followers",0,https://soundcloud.com/dsmoke7
1085,SLOT GACOR CALON4D,"1,323 followers",0,https://soundcloud.com/rindiani-rindi-498341267
1086,DJ MAUMAU D0 MT4,378 followers,0,https://soundcloud.com/djgordaodomt4
1087,evs,371 followers,0,https://soundcloud.com/evie1221
1088,D√®f Fondamantal,"12,428 followers",0,https://soundcloud.com/defondamantal
1089,Raheem DeVaughn,"16,558 followers",0,https://soundcloud.com/raheem-devaughn
1090,YNFND,"10,009 followers",0,https://soundcloud.com/ynfnd
1091,SignumOfficial,"8,448 followers",0,https://soundcloud.com/signumofficial
1092,T>I D&B,"15,720 followers",0,https://soundcloud.com/t-i
1093,trianxxD,395 followers,0,https://soundcloud.com/style-869662646
1094,D.S.G. Musical Horizon,450 followers,0,https://soundcloud.com/radobif204
1095,√êŒπR√òL,"5,906 followers",0,https://soundcloud.com/dirolevents
1096,A.D.H.S.,"22,025 followers",0,https://soundcloud.com/adhsofficial
1097,G.N.D JuniB,497 followers,0,https://soundcloud.com/junior-olson-282827552
1098,I D C,"7,064 followers",0,https://soundcloud.com/user-166270916
1099,D.J. Saguaro,"10,514 followers",0,https://soundcloud.com/dj-saguaro
1100,8D Audio,"6,193 followers",0,https://soundcloud.com/8d_audio
1101,SQuIGGoD,642 followers,0,https://soundcloud.com/d-woodrow
1102,M Y L O_ P R O D,"7,275 followers",0,https://soundcloud.com/emiliolotnivo
1103,Awad Essam,"6,092 followers",0,https://soundcloud.com/afandena9
1104,~S,"5,788 followers",0,https://soundcloud.com/user-906683519
1105,HPSHAWTY,"9,675 followers",0,https://soundcloud.com/hpshawty
1106,D.N.P,"5,585 followers",0,https://soundcloud.com/dnp-techno
1107,Bentuk4d Official,158 followers,0,https://soundcloud.com/bentuk4d-official
1108,Obenmusik,"5,078 followers",0,https://soundcloud.com/obenmusik
1109,Niki Sadeki,"17,024 followers",0,https://soundcloud.com/nikisadeki
1110,Silan A.S.D.,"2,061 followers",0,https://soundcloud.com/user-828466828
1111,√Ç7‚ôè–Ñ√ê,"6,260 followers",0,https://soundcloud.com/ahmed-elgarhy-11
1112,6 C L OU D,256 followers,0,https://soundcloud.com/derrick-johnson-745242904
1113,JEEM YOSUO((D.N.B)),"5,805 followers",0,https://soundcloud.com/jeem-yosuo
1114,B.O.D. Star,20 followers,0,https://soundcloud.com/b-o-d-star
1115,cloud_d,"8,943 followers",0,https://soundcloud.com/cdmusic
1116,SyNaPSe (ùï≥.ùïØ.ùïÆ),"3,666 followers",0,https://soundcloud.com/synapsentekk
1117,Bala_Brythu_,"9,636 followers",0,https://soundcloud.com/briansambo1
1118,DEEP DISH,"50,317 followers",0,https://soundcloud.com/deepdish
1119,gunk,"1,158 followers",0,https://soundcloud.com/iloveallmydogs
1120,D.Blue,"18,253 followers",0,https://soundcloud.com/dblue_official
1121,Ste Mac,"3,769 followers",0,https://soundcloud.com/stemacmusic
1122,DJ Amber D,"12,317 followers",0,https://soundcloud.com/dj-amber-d
1123,Harley D,"9,209 followers",0,https://soundcloud.com/harleyd
1124,[gloeypyo],970 followers,0,https://soundcloud.com/d8kwan1
1125,VISION-D,"10,731 followers",0,https://soundcloud.com/dj-damarawi-1
1126,‚ö°Ô∏è LeKiD ‚ö°Ô∏è,"13,319 followers",0,https://soundcloud.com/lekidmusic
1127,üëΩ‚ù§#_ùüíùêîùüêùêÇ_#‚ù§üëΩ,"7,018 followers",0,https://soundcloud.com/moonpunk5
1128,Talinwya,"2,911 followers",0,https://soundcloud.com/8talinwya
1129,RedX,"2,028 followers",0,https://soundcloud.com/adam-chellah
1130,999 Juice WRLD,463 followers,0,https://soundcloud.com/dtube-640101253
1131,Gusted,"6,628 followers",0,https://soundcloud.com/groovesbygusted
1132,Lucy D.T.,124 followers,0,https://soundcloud.com/lucy-d-t
1133,D-RAIN,"6,781 followers",0,https://soundcloud.com/d-rainmusic
1134,N1V3D,955 followers,0,https://soundcloud.com/n1v3d
1135,Alice-D Records,"9,429 followers",0,https://soundcloud.com/alice-d-records
1136,D Los FinessKing,"9,181 followers",0,https://soundcloud.com/d-los-finessking
1137,D-one 987,"6,974 followers",0,https://soundcloud.com/d-one-pms
1138,D-LERIA,"4,164 followers",0,https://soundcloud.com/d-leria
1139,D37IL,"6,924 followers",0,https://soundcloud.com/d37il
1140,Alex Vaughn,"5,809 followers",0,https://soundcloud.com/alex-vaughn-music
1141,D. TIFF,"17,458 followers",0,https://soundcloud.com/d-tiffany
1142,D Stone,"3,337 followers",0,https://soundcloud.com/d_stonemusic
1143,Ronald 3D - R3D,"27,739 followers",0,https://soundcloud.com/ronald3d
1144,Vinithek1d,782 followers,0,https://soundcloud.com/vinithek1d
1145,Donkerz3D,"7,044 followers",0,https://soundcloud.com/donkerz3d
1146,V E D ‚ßä     R ‚ßä Y üéß,"1,935 followers",0,https://soundcloud.com/veda_ray
1147,D0XX.,"2,080 followers",0,https://soundcloud.com/xavii6
1148,ACc(MoHaMeD)^_*,"2,515 followers",0,https://soundcloud.com/user-666834791
1149,Right D,"3,741 followers",0,https://soundcloud.com/rightdbeatz
1150,DJ GB DE CARIACICA | R D B üëë,"4,077 followers",0,https://soundcloud.com/user-332469796
1151,ONE_D,510 followers,0,https://soundcloud.com/user-117825383
1152,AhMed ATeF MohaMeD,"7,788 followers",0,https://soundcloud.com/a7md7star
1153,MuuhameD Z√•√Æ√±,"7,367 followers",0,https://soundcloud.com/mohamed-zika-144136918
1154,Dwin,545 followers,0,https://soundcloud.com/d-ng-tr-ng-h-ng-730528916
1155,Aria,428 followers,0,https://soundcloud.com/d4piza
1156,AlpsCore,"16,598 followers",0,https://soundcloud.com/alpscore
1157,D-Fresh,790 followers,0,https://soundcloud.com/d-fresh-music
1158,D03boy Rarri,257 followers,0,https://soundcloud.com/d03boyrarri
1159,D.O.N,242 followers,0,https://soundcloud.com/d-o-365673853
1160,Sami D. (Official),721 followers,0,https://soundcloud.com/sami-d-techno
1161,M.A.N.D.Y.,"90,728 followers",0,https://soundcloud.com/m-a-n-d-y
1162,GHOST DATA,"18,544 followers",0,https://soundcloud.com/ghost_data
1163,Joey The ReaLesT,154 followers,0,https://soundcloud.com/joey-d-73580558
1164,dZb & M4rlow & WRD Records Music Group ¬©,"10,022 followers",0,https://soundcloud.com/dzbrecords
1165,Dope DOD,"47,465 followers",0,https://soundcloud.com/dopedod
1166,D Stackz The Producer,"6,992 followers",0,https://soundcloud.com/dstackzsupreme
1167,D-Rich,489 followers,0,https://soundcloud.com/d-richofficial
1168,Dustin D.City Howard,632 followers,0,https://soundcloud.com/dustin-d-city-howard
1169,CLUB SP33D,"6,394 followers",0,https://soundcloud.com/clubsp33d
1170,D-Millz,502 followers,0,https://soundcloud.com/d-millz-music
1171,Toy D. Koaru,"2,905 followers",0,https://soundcloud.com/toy-d-koaru
1172,d2s1,254 followers,0,https://soundcloud.com/d2s1_music
1173,Worldw1d3g!ft,458 followers,0,https://soundcloud.com/worldw1d3gft
1174,Fr3d0,491 followers,0,https://soundcloud.com/fr3d0-music
1175,JM7d,439 followers,0,https://soundcloud.com/jm7d
1176,3P1C-H1D3R,284 followers,0,https://soundcloud.com/3p1c-h1d3r-music
1177,RP-D,779 followers,0,https://soundcloud.com/rp-d-music
1178,D2x,591 followers,0,https://soundcloud.com/d2x-scmusic
1179,D4our,611 followers,0,https://soundcloud.com/d4our
1180,d3r archive,797 followers,0,https://soundcloud.com/d3rr
1181,D-Stone j,652 followers,0,https://soundcloud.com/d-stonej
1182,D3NOO,512 followers,0,https://soundcloud.com/d3noo
1183,Yair Yint Aung(Y.I.D),"4,905 followers",0,https://soundcloud.com/yair-yint-aung-y-i-d
1184,D3NAI,513 followers,0,https://soundcloud.com/d3nai-music
1185,V1V1D,"2,761 followers",0,https://soundcloud.com/not_v1v1d
1186,AUDIOSYNTAX,"10,745 followers",0,https://soundcloud.com/audiosyntax
1187,Dj Marcelo D12,"3,586 followers",0,https://soundcloud.com/dj-marcelo-d12
1188,DOIS D üåÉ,"1,908 followers",0,https://soundcloud.com/produtordj2d
1189,Eazy-D,27 followers,0,https://soundcloud.com/eazy-d-676085523
1190,madk1d,436 followers,0,https://soundcloud.com/madk1d-sc
1191,Dojezd23 SoundSystem [D23],"1,463 followers",0,https://soundcloud.com/d23-dojezdsoundsystem
1192,d1eme,10 followers,0,https://soundcloud.com/d1eme-331581293
1193,D.J Jay Beatz,"1,262 followers",0,https://soundcloud.com/d-j-jay
1194,D.N.S,"12,965 followers",0,https://soundcloud.com/deenestechno
1195,Roxxzz,333 followers,0,https://soundcloud.com/aaron-elxd
1196,Joe Vanditti,"2,803 followers",0,https://soundcloud.com/joe-vanditti
1197,Jeddawi,"2,585 followers",0,https://soundcloud.com/ig-m9
1198,Digi‚∏∏al Ri‚úûual,43 followers,0,https://soundcloud.com/d1gitalritual
1199,DJ HsD,"8,512 followers",0,https://soundcloud.com/theofficialdjhsd
1200,Dj m.d.e,650 followers,0,https://soundcloud.com/michael-david-313074159
